<?xml version="1.0" encoding="utf-8"?>
<Messages>
	<Message severity="INFO" prefix="[SCHED 204-61]" key="SCHED_PIPELINING_STATUS_631" tag="SCHEDULE" content="Option &apos;relax_ii_for_timing&apos; is enabled, will increase II to preserve clock frequency constraints."/>
	<Message severity="INFO" prefix="[HLS 200-10]" key="HLS_10_1312" tag="" content="Analyzing design file &apos;../FinalBFS_32_cmodel.cpp&apos; ..."/>
	<Message severity="INFO" prefix="[HLS 200-111]" key="HLS_111_965" tag="" content="Finished Linking Time (s): cpu = 00:00:17 ; elapsed = 00:00:19 . Memory (MB): peak = 964.152 ; gain = 532.148 ; free physical = 11378 ; free virtual = 24256"/>
	<Message severity="INFO" prefix="[HLS 200-111]" key="HLS_111_965" tag="" content="Finished Checking Pragmas Time (s): cpu = 00:00:17 ; elapsed = 00:00:19 . Memory (MB): peak = 964.152 ; gain = 532.148 ; free physical = 11378 ; free virtual = 24256"/>
	<Message severity="INFO" prefix="[HLS 200-10]" key="HLS_10_1467" tag="" content="Starting code transformations ..."/>
	<Message severity="INFO" prefix="[HLS 200-111]" key="HLS_111_965" tag="" content="Finished Standard Transforms Time (s): cpu = 00:00:18 ; elapsed = 00:00:21 . Memory (MB): peak = 964.152 ; gain = 532.148 ; free physical = 11329 ; free virtual = 24213"/>
	<Message severity="INFO" prefix="[HLS 200-10]" key="HLS_10_1472" tag="" content="Checking synthesizability ..."/>
	<Message severity="INFO" prefix="[HLS 200-111]" key="HLS_111_965" tag="" content="Finished Checking Synthesizability Time (s): cpu = 00:00:36 ; elapsed = 00:00:38 . Memory (MB): peak = 964.152 ; gain = 532.148 ; free physical = 10964 ; free virtual = 23862"/>
	<Message severity="INFO" prefix="[XFORM 203-510]" key="XFORM_AUTO_PIPELINE_STATUS_244" tag="" content="Pipelining loop &apos;Loop-3&apos; (../FinalBFS_32_cmodel.cpp:111) in function &apos;FinalBFS_32&apos; automatically."/>
	<Message severity="INFO" prefix="[XFORM 203-510]" key="XFORM_AUTO_PIPELINE_STATUS_244" tag="" content="Pipelining loop &apos;Loop-6&apos; (../FinalBFS_32_cmodel.cpp:132) in function &apos;FinalBFS_32&apos; automatically."/>
	<Message severity="INFO" prefix="[XFORM 203-510]" key="XFORM_AUTO_PIPELINE_STATUS_244" tag="" content="Pipelining loop &apos;Loop-9&apos; (../FinalBFS_32_cmodel.cpp:153) in function &apos;FinalBFS_32&apos; automatically."/>
	<Message severity="INFO" prefix="[XFORM 203-510]" key="XFORM_AUTO_PIPELINE_STATUS_244" tag="" content="Pipelining loop &apos;Loop-12&apos; (../FinalBFS_32_cmodel.cpp:174) in function &apos;FinalBFS_32&apos; automatically."/>
	<Message severity="INFO" prefix="[XFORM 203-510]" key="XFORM_AUTO_PIPELINE_STATUS_244" tag="" content="Pipelining loop &apos;Loop-15&apos; (../FinalBFS_32_cmodel.cpp:195) in function &apos;FinalBFS_32&apos; automatically."/>
	<Message severity="INFO" prefix="[XFORM 203-510]" key="XFORM_AUTO_PIPELINE_STATUS_244" tag="" content="Pipelining loop &apos;Loop-18&apos; (../FinalBFS_32_cmodel.cpp:216) in function &apos;FinalBFS_32&apos; automatically."/>
	<Message severity="INFO" prefix="[XFORM 203-510]" key="XFORM_AUTO_PIPELINE_STATUS_244" tag="" content="Pipelining loop &apos;Loop-21&apos; (../FinalBFS_32_cmodel.cpp:237) in function &apos;FinalBFS_32&apos; automatically."/>
	<Message severity="INFO" prefix="[XFORM 203-510]" key="XFORM_AUTO_PIPELINE_STATUS_244" tag="" content="Pipelining loop &apos;Loop-24&apos; (../FinalBFS_32_cmodel.cpp:258) in function &apos;FinalBFS_32&apos; automatically."/>
	<Message severity="INFO" prefix="[XFORM 203-510]" key="XFORM_AUTO_PIPELINE_STATUS_244" tag="" content="Pipelining loop &apos;Loop-27&apos; (../FinalBFS_32_cmodel.cpp:279) in function &apos;FinalBFS_32&apos; automatically."/>
	<Message severity="INFO" prefix="[XFORM 203-510]" key="XFORM_AUTO_PIPELINE_STATUS_244" tag="" content="Pipelining loop &apos;Loop-30&apos; (../FinalBFS_32_cmodel.cpp:300) in function &apos;FinalBFS_32&apos; automatically."/>
	<Message severity="INFO" prefix="[XFORM 203-510]" key="XFORM_AUTO_PIPELINE_STATUS_244" tag="" content="Pipelining loop &apos;Loop-33&apos; (../FinalBFS_32_cmodel.cpp:321) in function &apos;FinalBFS_32&apos; automatically."/>
	<Message severity="INFO" prefix="[XFORM 203-510]" key="XFORM_AUTO_PIPELINE_STATUS_244" tag="" content="Pipelining loop &apos;Loop-36&apos; (../FinalBFS_32_cmodel.cpp:342) in function &apos;FinalBFS_32&apos; automatically."/>
	<Message severity="INFO" prefix="[XFORM 203-510]" key="XFORM_AUTO_PIPELINE_STATUS_244" tag="" content="Pipelining loop &apos;Loop-39&apos; (../FinalBFS_32_cmodel.cpp:363) in function &apos;FinalBFS_32&apos; automatically."/>
	<Message severity="INFO" prefix="[XFORM 203-510]" key="XFORM_AUTO_PIPELINE_STATUS_244" tag="" content="Pipelining loop &apos;Loop-42&apos; (../FinalBFS_32_cmodel.cpp:384) in function &apos;FinalBFS_32&apos; automatically."/>
	<Message severity="INFO" prefix="[XFORM 203-510]" key="XFORM_AUTO_PIPELINE_STATUS_244" tag="" content="Pipelining loop &apos;Loop-45&apos; (../FinalBFS_32_cmodel.cpp:405) in function &apos;FinalBFS_32&apos; automatically."/>
	<Message severity="INFO" prefix="[XFORM 203-510]" key="XFORM_AUTO_PIPELINE_STATUS_244" tag="" content="Pipelining loop &apos;Loop-48&apos; (../FinalBFS_32_cmodel.cpp:426) in function &apos;FinalBFS_32&apos; automatically."/>
	<Message severity="INFO" prefix="[HLS 200-111]" key="HLS_111_965" tag="" content="Finished Pre-synthesis Time (s): cpu = 00:00:53 ; elapsed = 00:00:56 . Memory (MB): peak = 964.152 ; gain = 532.148 ; free physical = 10560 ; free virtual = 23462"/>
	<Message severity="INFO" prefix="[HLS 200-444]" key="HLS 200-444" tag="AXI,SDX_AXI" content="Inferring multiple bus burst read of a total cumulative length 4096 on port &apos;m00_axi&apos; (../FinalBFS_32_cmodel.cpp:108:5). These data requests might be further partitioned to multiple requests during RTL generation, based on max_read_burst_length or max_write_burst_length settings."/>
	<Message severity="INFO" prefix="[HLS 200-444]" key="HLS 200-444" tag="AXI,SDX_AXI" content="Inferring multiple bus burst read of a total cumulative length 4096 on port &apos;m01_axi&apos; (../FinalBFS_32_cmodel.cpp:129:5). These data requests might be further partitioned to multiple requests during RTL generation, based on max_read_burst_length or max_write_burst_length settings."/>
	<Message severity="INFO" prefix="[HLS 200-444]" key="HLS 200-444" tag="AXI,SDX_AXI" content="Inferring multiple bus burst read of a total cumulative length 4096 on port &apos;m02_axi&apos; (../FinalBFS_32_cmodel.cpp:150:5). These data requests might be further partitioned to multiple requests during RTL generation, based on max_read_burst_length or max_write_burst_length settings."/>
	<Message severity="INFO" prefix="[HLS 200-444]" key="HLS 200-444" tag="AXI,SDX_AXI" content="Inferring multiple bus burst read of a total cumulative length 4096 on port &apos;m03_axi&apos; (../FinalBFS_32_cmodel.cpp:171:5). These data requests might be further partitioned to multiple requests during RTL generation, based on max_read_burst_length or max_write_burst_length settings."/>
	<Message severity="INFO" prefix="[HLS 200-444]" key="HLS 200-444" tag="AXI,SDX_AXI" content="Inferring multiple bus burst read of a total cumulative length 4096 on port &apos;m04_axi&apos; (../FinalBFS_32_cmodel.cpp:192:5). These data requests might be further partitioned to multiple requests during RTL generation, based on max_read_burst_length or max_write_burst_length settings."/>
	<Message severity="INFO" prefix="[HLS 200-444]" key="HLS 200-444" tag="AXI,SDX_AXI" content="Inferring multiple bus burst read of a total cumulative length 4096 on port &apos;m05_axi&apos; (../FinalBFS_32_cmodel.cpp:213:5). These data requests might be further partitioned to multiple requests during RTL generation, based on max_read_burst_length or max_write_burst_length settings."/>
	<Message severity="INFO" prefix="[HLS 200-444]" key="HLS 200-444" tag="AXI,SDX_AXI" content="Inferring multiple bus burst read of a total cumulative length 4096 on port &apos;m06_axi&apos; (../FinalBFS_32_cmodel.cpp:234:5). These data requests might be further partitioned to multiple requests during RTL generation, based on max_read_burst_length or max_write_burst_length settings."/>
	<Message severity="INFO" prefix="[HLS 200-444]" key="HLS 200-444" tag="AXI,SDX_AXI" content="Inferring multiple bus burst read of a total cumulative length 4096 on port &apos;m07_axi&apos; (../FinalBFS_32_cmodel.cpp:255:5). These data requests might be further partitioned to multiple requests during RTL generation, based on max_read_burst_length or max_write_burst_length settings."/>
	<Message severity="INFO" prefix="[HLS 200-444]" key="HLS 200-444" tag="AXI,SDX_AXI" content="Inferring multiple bus burst read of a total cumulative length 4096 on port &apos;m08_axi&apos; (../FinalBFS_32_cmodel.cpp:276:5). These data requests might be further partitioned to multiple requests during RTL generation, based on max_read_burst_length or max_write_burst_length settings."/>
	<Message severity="INFO" prefix="[HLS 200-444]" key="HLS 200-444" tag="AXI,SDX_AXI" content="Inferring multiple bus burst read of a total cumulative length 4096 on port &apos;m09_axi&apos; (../FinalBFS_32_cmodel.cpp:297:5). These data requests might be further partitioned to multiple requests during RTL generation, based on max_read_burst_length or max_write_burst_length settings."/>
	<Message severity="INFO" prefix="[HLS 200-444]" key="HLS 200-444" tag="AXI,SDX_AXI" content="Inferring multiple bus burst read of a total cumulative length 4096 on port &apos;m10_axi&apos; (../FinalBFS_32_cmodel.cpp:318:5). These data requests might be further partitioned to multiple requests during RTL generation, based on max_read_burst_length or max_write_burst_length settings."/>
	<Message severity="INFO" prefix="[HLS 200-444]" key="HLS 200-444" tag="AXI,SDX_AXI" content="Inferring multiple bus burst read of a total cumulative length 4096 on port &apos;m11_axi&apos; (../FinalBFS_32_cmodel.cpp:339:5). These data requests might be further partitioned to multiple requests during RTL generation, based on max_read_burst_length or max_write_burst_length settings."/>
	<Message severity="INFO" prefix="[HLS 200-444]" key="HLS 200-444" tag="AXI,SDX_AXI" content="Inferring multiple bus burst read of a total cumulative length 4096 on port &apos;m12_axi&apos; (../FinalBFS_32_cmodel.cpp:360:5). These data requests might be further partitioned to multiple requests during RTL generation, based on max_read_burst_length or max_write_burst_length settings."/>
	<Message severity="INFO" prefix="[HLS 200-444]" key="HLS 200-444" tag="AXI,SDX_AXI" content="Inferring multiple bus burst read of a total cumulative length 4096 on port &apos;m13_axi&apos; (../FinalBFS_32_cmodel.cpp:381:5). These data requests might be further partitioned to multiple requests during RTL generation, based on max_read_burst_length or max_write_burst_length settings."/>
	<Message severity="INFO" prefix="[HLS 200-444]" key="HLS 200-444" tag="AXI,SDX_AXI" content="Inferring multiple bus burst read of a total cumulative length 4096 on port &apos;m14_axi&apos; (../FinalBFS_32_cmodel.cpp:402:5). These data requests might be further partitioned to multiple requests during RTL generation, based on max_read_burst_length or max_write_burst_length settings."/>
	<Message severity="INFO" prefix="[HLS 200-444]" key="HLS 200-444" tag="AXI,SDX_AXI" content="Inferring multiple bus burst read of a total cumulative length 4096 on port &apos;m15_axi&apos; (../FinalBFS_32_cmodel.cpp:423:5). These data requests might be further partitioned to multiple requests during RTL generation, based on max_read_burst_length or max_write_burst_length settings."/>
	<Message severity="INFO" prefix="[HLS 200-444]" key="HLS 200-444" tag="AXI,SDX_AXI" content="Inferring multiple bus burst write of a total cumulative length 4096 on port &apos;m00_axi&apos; (../FinalBFS_32_cmodel.cpp:116:5). These data requests might be further partitioned to multiple requests during RTL generation, based on max_read_burst_length or max_write_burst_length settings."/>
	<Message severity="INFO" prefix="[HLS 200-444]" key="HLS 200-444" tag="AXI,SDX_AXI" content="Inferring multiple bus burst write of a total cumulative length 4096 on port &apos;m01_axi&apos; (../FinalBFS_32_cmodel.cpp:137:5). These data requests might be further partitioned to multiple requests during RTL generation, based on max_read_burst_length or max_write_burst_length settings."/>
	<Message severity="INFO" prefix="[HLS 200-444]" key="HLS 200-444" tag="AXI,SDX_AXI" content="Inferring multiple bus burst write of a total cumulative length 4096 on port &apos;m02_axi&apos; (../FinalBFS_32_cmodel.cpp:158:5). These data requests might be further partitioned to multiple requests during RTL generation, based on max_read_burst_length or max_write_burst_length settings."/>
	<Message severity="INFO" prefix="[HLS 200-444]" key="HLS 200-444" tag="AXI,SDX_AXI" content="Inferring multiple bus burst write of a total cumulative length 4096 on port &apos;m03_axi&apos; (../FinalBFS_32_cmodel.cpp:179:5). These data requests might be further partitioned to multiple requests during RTL generation, based on max_read_burst_length or max_write_burst_length settings."/>
	<Message severity="INFO" prefix="[HLS 200-444]" key="HLS 200-444" tag="AXI,SDX_AXI" content="Inferring multiple bus burst write of a total cumulative length 4096 on port &apos;m04_axi&apos; (../FinalBFS_32_cmodel.cpp:200:5). These data requests might be further partitioned to multiple requests during RTL generation, based on max_read_burst_length or max_write_burst_length settings."/>
	<Message severity="INFO" prefix="[HLS 200-444]" key="HLS 200-444" tag="AXI,SDX_AXI" content="Inferring multiple bus burst write of a total cumulative length 4096 on port &apos;m05_axi&apos; (../FinalBFS_32_cmodel.cpp:221:5). These data requests might be further partitioned to multiple requests during RTL generation, based on max_read_burst_length or max_write_burst_length settings."/>
	<Message severity="INFO" prefix="[HLS 200-444]" key="HLS 200-444" tag="AXI,SDX_AXI" content="Inferring multiple bus burst write of a total cumulative length 4096 on port &apos;m06_axi&apos; (../FinalBFS_32_cmodel.cpp:242:5). These data requests might be further partitioned to multiple requests during RTL generation, based on max_read_burst_length or max_write_burst_length settings."/>
	<Message severity="INFO" prefix="[HLS 200-444]" key="HLS 200-444" tag="AXI,SDX_AXI" content="Inferring multiple bus burst write of a total cumulative length 4096 on port &apos;m07_axi&apos; (../FinalBFS_32_cmodel.cpp:263:5). These data requests might be further partitioned to multiple requests during RTL generation, based on max_read_burst_length or max_write_burst_length settings."/>
	<Message severity="INFO" prefix="[HLS 200-444]" key="HLS 200-444" tag="AXI,SDX_AXI" content="Inferring multiple bus burst write of a total cumulative length 4096 on port &apos;m08_axi&apos; (../FinalBFS_32_cmodel.cpp:284:5). These data requests might be further partitioned to multiple requests during RTL generation, based on max_read_burst_length or max_write_burst_length settings."/>
	<Message severity="INFO" prefix="[HLS 200-444]" key="HLS 200-444" tag="AXI,SDX_AXI" content="Inferring multiple bus burst write of a total cumulative length 4096 on port &apos;m09_axi&apos; (../FinalBFS_32_cmodel.cpp:305:5). These data requests might be further partitioned to multiple requests during RTL generation, based on max_read_burst_length or max_write_burst_length settings."/>
	<Message severity="INFO" prefix="[HLS 200-444]" key="HLS 200-444" tag="AXI,SDX_AXI" content="Inferring multiple bus burst write of a total cumulative length 4096 on port &apos;m10_axi&apos; (../FinalBFS_32_cmodel.cpp:326:5). These data requests might be further partitioned to multiple requests during RTL generation, based on max_read_burst_length or max_write_burst_length settings."/>
	<Message severity="INFO" prefix="[HLS 200-444]" key="HLS 200-444" tag="AXI,SDX_AXI" content="Inferring multiple bus burst write of a total cumulative length 4096 on port &apos;m11_axi&apos; (../FinalBFS_32_cmodel.cpp:347:5). These data requests might be further partitioned to multiple requests during RTL generation, based on max_read_burst_length or max_write_burst_length settings."/>
	<Message severity="INFO" prefix="[HLS 200-444]" key="HLS 200-444" tag="AXI,SDX_AXI" content="Inferring multiple bus burst write of a total cumulative length 4096 on port &apos;m12_axi&apos; (../FinalBFS_32_cmodel.cpp:368:5). These data requests might be further partitioned to multiple requests during RTL generation, based on max_read_burst_length or max_write_burst_length settings."/>
	<Message severity="INFO" prefix="[HLS 200-444]" key="HLS 200-444" tag="AXI,SDX_AXI" content="Inferring multiple bus burst write of a total cumulative length 4096 on port &apos;m13_axi&apos; (../FinalBFS_32_cmodel.cpp:389:5). These data requests might be further partitioned to multiple requests during RTL generation, based on max_read_burst_length or max_write_burst_length settings."/>
	<Message severity="INFO" prefix="[HLS 200-444]" key="HLS 200-444" tag="AXI,SDX_AXI" content="Inferring multiple bus burst write of a total cumulative length 4096 on port &apos;m14_axi&apos; (../FinalBFS_32_cmodel.cpp:410:5). These data requests might be further partitioned to multiple requests during RTL generation, based on max_read_burst_length or max_write_burst_length settings."/>
	<Message severity="INFO" prefix="[HLS 200-444]" key="HLS 200-444" tag="AXI,SDX_AXI" content="Inferring multiple bus burst write of a total cumulative length 4096 on port &apos;m15_axi&apos; (../FinalBFS_32_cmodel.cpp:431:5). These data requests might be further partitioned to multiple requests during RTL generation, based on max_read_burst_length or max_write_burst_length settings."/>
	<Message severity="INFO" prefix="[HLS 200-472]" key="HLS 200-472" tag="" content="Inferring partial write operation for &apos;m00_axi_input_buffer&apos; (../FinalBFS_32_cmodel.cpp:108:5)"/>
	<Message severity="INFO" prefix="[HLS 200-472]" key="HLS 200-472" tag="" content="Inferring partial write operation for &apos;m00_axi_output_buffer&apos; (../FinalBFS_32_cmodel.cpp:112:7)"/>
	<Message severity="INFO" prefix="[HLS 200-472]" key="HLS 200-472" tag="" content="Inferring partial write operation for &apos;m01_axi_input_buffer&apos; (../FinalBFS_32_cmodel.cpp:129:5)"/>
	<Message severity="INFO" prefix="[HLS 200-472]" key="HLS 200-472" tag="" content="Inferring partial write operation for &apos;m01_axi_output_buffer&apos; (../FinalBFS_32_cmodel.cpp:133:7)"/>
	<Message severity="INFO" prefix="[HLS 200-472]" key="HLS 200-472" tag="" content="Inferring partial write operation for &apos;m02_axi_input_buffer&apos; (../FinalBFS_32_cmodel.cpp:150:5)"/>
	<Message severity="INFO" prefix="[HLS 200-472]" key="HLS 200-472" tag="" content="Inferring partial write operation for &apos;m02_axi_output_buffer&apos; (../FinalBFS_32_cmodel.cpp:154:7)"/>
	<Message severity="INFO" prefix="[HLS 200-472]" key="HLS 200-472" tag="" content="Inferring partial write operation for &apos;m03_axi_input_buffer&apos; (../FinalBFS_32_cmodel.cpp:171:5)"/>
	<Message severity="INFO" prefix="[HLS 200-472]" key="HLS 200-472" tag="" content="Inferring partial write operation for &apos;m03_axi_output_buffer&apos; (../FinalBFS_32_cmodel.cpp:175:7)"/>
	<Message severity="INFO" prefix="[HLS 200-472]" key="HLS 200-472" tag="" content="Inferring partial write operation for &apos;m04_axi_input_buffer&apos; (../FinalBFS_32_cmodel.cpp:192:5)"/>
	<Message severity="INFO" prefix="[HLS 200-472]" key="HLS 200-472" tag="" content="Inferring partial write operation for &apos;m04_axi_output_buffer&apos; (../FinalBFS_32_cmodel.cpp:196:7)"/>
	<Message severity="INFO" prefix="[HLS 200-472]" key="HLS 200-472" tag="" content="Inferring partial write operation for &apos;m05_axi_input_buffer&apos; (../FinalBFS_32_cmodel.cpp:213:5)"/>
	<Message severity="INFO" prefix="[HLS 200-472]" key="HLS 200-472" tag="" content="Inferring partial write operation for &apos;m05_axi_output_buffer&apos; (../FinalBFS_32_cmodel.cpp:217:7)"/>
	<Message severity="INFO" prefix="[HLS 200-472]" key="HLS 200-472" tag="" content="Inferring partial write operation for &apos;m06_axi_input_buffer&apos; (../FinalBFS_32_cmodel.cpp:234:5)"/>
	<Message severity="INFO" prefix="[HLS 200-472]" key="HLS 200-472" tag="" content="Inferring partial write operation for &apos;m06_axi_output_buffer&apos; (../FinalBFS_32_cmodel.cpp:238:7)"/>
	<Message severity="INFO" prefix="[HLS 200-472]" key="HLS 200-472" tag="" content="Inferring partial write operation for &apos;m07_axi_input_buffer&apos; (../FinalBFS_32_cmodel.cpp:255:5)"/>
	<Message severity="INFO" prefix="[HLS 200-472]" key="HLS 200-472" tag="" content="Inferring partial write operation for &apos;m07_axi_output_buffer&apos; (../FinalBFS_32_cmodel.cpp:259:7)"/>
	<Message severity="INFO" prefix="[HLS 200-472]" key="HLS 200-472" tag="" content="Inferring partial write operation for &apos;m08_axi_input_buffer&apos; (../FinalBFS_32_cmodel.cpp:276:5)"/>
	<Message severity="INFO" prefix="[HLS 200-472]" key="HLS 200-472" tag="" content="Inferring partial write operation for &apos;m08_axi_output_buffer&apos; (../FinalBFS_32_cmodel.cpp:280:7)"/>
	<Message severity="INFO" prefix="[HLS 200-472]" key="HLS 200-472" tag="" content="Inferring partial write operation for &apos;m09_axi_input_buffer&apos; (../FinalBFS_32_cmodel.cpp:297:5)"/>
	<Message severity="INFO" prefix="[HLS 200-472]" key="HLS 200-472" tag="" content="Inferring partial write operation for &apos;m09_axi_output_buffer&apos; (../FinalBFS_32_cmodel.cpp:301:7)"/>
	<Message severity="INFO" prefix="[HLS 200-472]" key="HLS 200-472" tag="" content="Inferring partial write operation for &apos;m10_axi_input_buffer&apos; (../FinalBFS_32_cmodel.cpp:318:5)"/>
	<Message severity="INFO" prefix="[HLS 200-472]" key="HLS 200-472" tag="" content="Inferring partial write operation for &apos;m10_axi_output_buffer&apos; (../FinalBFS_32_cmodel.cpp:322:7)"/>
	<Message severity="INFO" prefix="[HLS 200-472]" key="HLS 200-472" tag="" content="Inferring partial write operation for &apos;m11_axi_input_buffer&apos; (../FinalBFS_32_cmodel.cpp:339:5)"/>
	<Message severity="INFO" prefix="[HLS 200-472]" key="HLS 200-472" tag="" content="Inferring partial write operation for &apos;m11_axi_output_buffer&apos; (../FinalBFS_32_cmodel.cpp:343:7)"/>
	<Message severity="INFO" prefix="[HLS 200-472]" key="HLS 200-472" tag="" content="Inferring partial write operation for &apos;m12_axi_input_buffer&apos; (../FinalBFS_32_cmodel.cpp:360:5)"/>
	<Message severity="INFO" prefix="[HLS 200-472]" key="HLS 200-472" tag="" content="Inferring partial write operation for &apos;m12_axi_output_buffer&apos; (../FinalBFS_32_cmodel.cpp:364:7)"/>
	<Message severity="INFO" prefix="[HLS 200-472]" key="HLS 200-472" tag="" content="Inferring partial write operation for &apos;m13_axi_input_buffer&apos; (../FinalBFS_32_cmodel.cpp:381:5)"/>
	<Message severity="INFO" prefix="[HLS 200-472]" key="HLS 200-472" tag="" content="Inferring partial write operation for &apos;m13_axi_output_buffer&apos; (../FinalBFS_32_cmodel.cpp:385:7)"/>
	<Message severity="INFO" prefix="[HLS 200-472]" key="HLS 200-472" tag="" content="Inferring partial write operation for &apos;m14_axi_input_buffer&apos; (../FinalBFS_32_cmodel.cpp:402:5)"/>
	<Message severity="INFO" prefix="[HLS 200-472]" key="HLS 200-472" tag="" content="Inferring partial write operation for &apos;m14_axi_output_buffer&apos; (../FinalBFS_32_cmodel.cpp:406:7)"/>
	<Message severity="INFO" prefix="[HLS 200-472]" key="HLS 200-472" tag="" content="Inferring partial write operation for &apos;m15_axi_input_buffer&apos; (../FinalBFS_32_cmodel.cpp:423:5)"/>
	<Message severity="INFO" prefix="[HLS 200-472]" key="HLS 200-472" tag="" content="Inferring partial write operation for &apos;m15_axi_output_buffer&apos; (../FinalBFS_32_cmodel.cpp:427:7)"/>
	<Message severity="INFO" prefix="[HLS 200-111]" key="HLS_111_965" tag="" content="Finished Architecture Synthesis Time (s): cpu = 00:01:14 ; elapsed = 00:01:16 . Memory (MB): peak = 964.152 ; gain = 532.148 ; free physical = 10329 ; free virtual = 23242"/>
	<Message severity="INFO" prefix="[HLS 200-10]" key="HLS_10_1317" tag="" content="Starting hardware synthesis ..."/>
	<Message severity="INFO" prefix="[HLS 200-10]" key="HLS_10_1385" tag="" content="Synthesizing &apos;FinalBFS_32&apos; ..."/>
	<Message severity="INFO" prefix="[SYN 201-201]" key="ASSGN_CLOCK_INFO_459" tag="" content="Setting up clock &apos;default&apos; with a period of 10ns."/>
	<Message severity="INFO" prefix="[HLS 200-10]" key="HLS_10_1477" tag="" content="----------------------------------------------------------------"/>
	<Message severity="INFO" prefix="[HLS 200-42]" key="HLS_42_1438" tag="" content="-- Implementing module &apos;FinalBFS_32&apos;"/>
	<Message severity="INFO" prefix="[HLS 200-10]" key="HLS_10_1478" tag="" content="----------------------------------------------------------------"/>
	<Message severity="INFO" prefix="[SCHED 204-11]" key="SCHED_SCHED_STATUS_597" tag="" content="Starting scheduling ..."/>
	<Message severity="INFO" prefix="[SCHED 204-61]" key="SCHED_PIPELINING_STATUS_41" tag="" content="Pipelining loop &apos;memcpy.m00_axi_input_buffer.axi00_ptr0&apos;."/>
	<Message severity="INFO" prefix="[SCHED 204-61]" key="SCHED_PIPELINING_STATUS_44" tag="" content="Pipelining result : Target II = 1, Final II = 1, Depth = 3."/>
	<Message severity="INFO" prefix="[SCHED 204-61]" key="SCHED_PIPELINING_STATUS_41" tag="" content="Pipelining loop &apos;Loop 2&apos;."/>
	<Message severity="INFO" prefix="[SCHED 204-61]" key="SCHED_PIPELINING_STATUS_44" tag="" content="Pipelining result : Target II = 1, Final II = 1, Depth = 2."/>
	<Message severity="INFO" prefix="[SCHED 204-61]" key="SCHED_PIPELINING_STATUS_41" tag="" content="Pipelining loop &apos;memcpy.axi00_ptr0.m00_axi_output_buffer.gep&apos;."/>
	<Message severity="INFO" prefix="[SCHED 204-61]" key="SCHED_PIPELINING_STATUS_44" tag="" content="Pipelining result : Target II = 1, Final II = 1, Depth = 3."/>
	<Message severity="INFO" prefix="[SCHED 204-61]" key="SCHED_PIPELINING_STATUS_41" tag="" content="Pipelining loop &apos;memcpy.m01_axi_input_buffer.axi01_ptr0&apos;."/>
	<Message severity="INFO" prefix="[SCHED 204-61]" key="SCHED_PIPELINING_STATUS_44" tag="" content="Pipelining result : Target II = 1, Final II = 1, Depth = 3."/>
	<Message severity="INFO" prefix="[SCHED 204-61]" key="SCHED_PIPELINING_STATUS_41" tag="" content="Pipelining loop &apos;Loop 5&apos;."/>
	<Message severity="INFO" prefix="[SCHED 204-61]" key="SCHED_PIPELINING_STATUS_44" tag="" content="Pipelining result : Target II = 1, Final II = 1, Depth = 2."/>
	<Message severity="INFO" prefix="[SCHED 204-61]" key="SCHED_PIPELINING_STATUS_41" tag="" content="Pipelining loop &apos;memcpy.axi01_ptr0.m01_axi_output_buffer.gep&apos;."/>
	<Message severity="INFO" prefix="[SCHED 204-61]" key="SCHED_PIPELINING_STATUS_44" tag="" content="Pipelining result : Target II = 1, Final II = 1, Depth = 3."/>
	<Message severity="INFO" prefix="[SCHED 204-61]" key="SCHED_PIPELINING_STATUS_41" tag="" content="Pipelining loop &apos;memcpy.m02_axi_input_buffer.axi02_ptr0&apos;."/>
	<Message severity="INFO" prefix="[SCHED 204-61]" key="SCHED_PIPELINING_STATUS_44" tag="" content="Pipelining result : Target II = 1, Final II = 1, Depth = 3."/>
	<Message severity="INFO" prefix="[SCHED 204-61]" key="SCHED_PIPELINING_STATUS_41" tag="" content="Pipelining loop &apos;Loop 8&apos;."/>
	<Message severity="INFO" prefix="[SCHED 204-61]" key="SCHED_PIPELINING_STATUS_44" tag="" content="Pipelining result : Target II = 1, Final II = 1, Depth = 2."/>
	<Message severity="INFO" prefix="[SCHED 204-61]" key="SCHED_PIPELINING_STATUS_41" tag="" content="Pipelining loop &apos;memcpy.axi02_ptr0.m02_axi_output_buffer.gep&apos;."/>
	<Message severity="INFO" prefix="[SCHED 204-61]" key="SCHED_PIPELINING_STATUS_44" tag="" content="Pipelining result : Target II = 1, Final II = 1, Depth = 3."/>
	<Message severity="INFO" prefix="[SCHED 204-61]" key="SCHED_PIPELINING_STATUS_41" tag="" content="Pipelining loop &apos;memcpy.m03_axi_input_buffer.axi03_ptr0&apos;."/>
	<Message severity="INFO" prefix="[SCHED 204-61]" key="SCHED_PIPELINING_STATUS_44" tag="" content="Pipelining result : Target II = 1, Final II = 1, Depth = 3."/>
	<Message severity="INFO" prefix="[SCHED 204-61]" key="SCHED_PIPELINING_STATUS_41" tag="" content="Pipelining loop &apos;Loop 11&apos;."/>
	<Message severity="INFO" prefix="[SCHED 204-61]" key="SCHED_PIPELINING_STATUS_44" tag="" content="Pipelining result : Target II = 1, Final II = 1, Depth = 2."/>
	<Message severity="INFO" prefix="[SCHED 204-61]" key="SCHED_PIPELINING_STATUS_41" tag="" content="Pipelining loop &apos;memcpy.axi03_ptr0.m03_axi_output_buffer.gep&apos;."/>
	<Message severity="INFO" prefix="[SCHED 204-61]" key="SCHED_PIPELINING_STATUS_44" tag="" content="Pipelining result : Target II = 1, Final II = 1, Depth = 3."/>
	<Message severity="INFO" prefix="[SCHED 204-61]" key="SCHED_PIPELINING_STATUS_41" tag="" content="Pipelining loop &apos;memcpy.m04_axi_input_buffer.axi04_ptr0&apos;."/>
	<Message severity="INFO" prefix="[SCHED 204-61]" key="SCHED_PIPELINING_STATUS_44" tag="" content="Pipelining result : Target II = 1, Final II = 1, Depth = 3."/>
	<Message severity="INFO" prefix="[SCHED 204-61]" key="SCHED_PIPELINING_STATUS_41" tag="" content="Pipelining loop &apos;Loop 14&apos;."/>
	<Message severity="INFO" prefix="[SCHED 204-61]" key="SCHED_PIPELINING_STATUS_44" tag="" content="Pipelining result : Target II = 1, Final II = 1, Depth = 2."/>
	<Message severity="INFO" prefix="[SCHED 204-61]" key="SCHED_PIPELINING_STATUS_41" tag="" content="Pipelining loop &apos;memcpy.axi04_ptr0.m04_axi_output_buffer.gep&apos;."/>
	<Message severity="INFO" prefix="[SCHED 204-61]" key="SCHED_PIPELINING_STATUS_44" tag="" content="Pipelining result : Target II = 1, Final II = 1, Depth = 3."/>
	<Message severity="INFO" prefix="[SCHED 204-61]" key="SCHED_PIPELINING_STATUS_41" tag="" content="Pipelining loop &apos;memcpy.m05_axi_input_buffer.axi05_ptr0&apos;."/>
	<Message severity="INFO" prefix="[SCHED 204-61]" key="SCHED_PIPELINING_STATUS_44" tag="" content="Pipelining result : Target II = 1, Final II = 1, Depth = 3."/>
	<Message severity="INFO" prefix="[SCHED 204-61]" key="SCHED_PIPELINING_STATUS_41" tag="" content="Pipelining loop &apos;Loop 17&apos;."/>
	<Message severity="INFO" prefix="[SCHED 204-61]" key="SCHED_PIPELINING_STATUS_44" tag="" content="Pipelining result : Target II = 1, Final II = 1, Depth = 2."/>
	<Message severity="INFO" prefix="[SCHED 204-61]" key="SCHED_PIPELINING_STATUS_41" tag="" content="Pipelining loop &apos;memcpy.axi05_ptr0.m05_axi_output_buffer.gep&apos;."/>
	<Message severity="INFO" prefix="[SCHED 204-61]" key="SCHED_PIPELINING_STATUS_44" tag="" content="Pipelining result : Target II = 1, Final II = 1, Depth = 3."/>
	<Message severity="INFO" prefix="[SCHED 204-61]" key="SCHED_PIPELINING_STATUS_41" tag="" content="Pipelining loop &apos;memcpy.m06_axi_input_buffer.axi06_ptr0&apos;."/>
	<Message severity="INFO" prefix="[SCHED 204-61]" key="SCHED_PIPELINING_STATUS_44" tag="" content="Pipelining result : Target II = 1, Final II = 1, Depth = 3."/>
	<Message severity="INFO" prefix="[SCHED 204-61]" key="SCHED_PIPELINING_STATUS_41" tag="" content="Pipelining loop &apos;Loop 20&apos;."/>
	<Message severity="INFO" prefix="[SCHED 204-61]" key="SCHED_PIPELINING_STATUS_44" tag="" content="Pipelining result : Target II = 1, Final II = 1, Depth = 2."/>
	<Message severity="INFO" prefix="[SCHED 204-61]" key="SCHED_PIPELINING_STATUS_41" tag="" content="Pipelining loop &apos;memcpy.axi06_ptr0.m06_axi_output_buffer.gep&apos;."/>
	<Message severity="INFO" prefix="[SCHED 204-61]" key="SCHED_PIPELINING_STATUS_44" tag="" content="Pipelining result : Target II = 1, Final II = 1, Depth = 3."/>
	<Message severity="INFO" prefix="[SCHED 204-61]" key="SCHED_PIPELINING_STATUS_41" tag="" content="Pipelining loop &apos;memcpy.m07_axi_input_buffer.axi07_ptr0&apos;."/>
	<Message severity="INFO" prefix="[SCHED 204-61]" key="SCHED_PIPELINING_STATUS_44" tag="" content="Pipelining result : Target II = 1, Final II = 1, Depth = 3."/>
	<Message severity="INFO" prefix="[SCHED 204-61]" key="SCHED_PIPELINING_STATUS_41" tag="" content="Pipelining loop &apos;Loop 23&apos;."/>
	<Message severity="INFO" prefix="[SCHED 204-61]" key="SCHED_PIPELINING_STATUS_44" tag="" content="Pipelining result : Target II = 1, Final II = 1, Depth = 2."/>
	<Message severity="INFO" prefix="[SCHED 204-61]" key="SCHED_PIPELINING_STATUS_41" tag="" content="Pipelining loop &apos;memcpy.axi07_ptr0.m07_axi_output_buffer.gep&apos;."/>
	<Message severity="INFO" prefix="[SCHED 204-61]" key="SCHED_PIPELINING_STATUS_44" tag="" content="Pipelining result : Target II = 1, Final II = 1, Depth = 3."/>
	<Message severity="INFO" prefix="[SCHED 204-61]" key="SCHED_PIPELINING_STATUS_41" tag="" content="Pipelining loop &apos;memcpy.m08_axi_input_buffer.axi08_ptr0&apos;."/>
	<Message severity="INFO" prefix="[SCHED 204-61]" key="SCHED_PIPELINING_STATUS_44" tag="" content="Pipelining result : Target II = 1, Final II = 1, Depth = 3."/>
	<Message severity="INFO" prefix="[SCHED 204-61]" key="SCHED_PIPELINING_STATUS_41" tag="" content="Pipelining loop &apos;Loop 26&apos;."/>
	<Message severity="INFO" prefix="[SCHED 204-61]" key="SCHED_PIPELINING_STATUS_44" tag="" content="Pipelining result : Target II = 1, Final II = 1, Depth = 2."/>
	<Message severity="INFO" prefix="[SCHED 204-61]" key="SCHED_PIPELINING_STATUS_41" tag="" content="Pipelining loop &apos;memcpy.axi08_ptr0.m08_axi_output_buffer.gep&apos;."/>
	<Message severity="INFO" prefix="[SCHED 204-61]" key="SCHED_PIPELINING_STATUS_44" tag="" content="Pipelining result : Target II = 1, Final II = 1, Depth = 3."/>
	<Message severity="INFO" prefix="[SCHED 204-61]" key="SCHED_PIPELINING_STATUS_41" tag="" content="Pipelining loop &apos;memcpy.m09_axi_input_buffer.axi09_ptr0&apos;."/>
	<Message severity="INFO" prefix="[SCHED 204-61]" key="SCHED_PIPELINING_STATUS_44" tag="" content="Pipelining result : Target II = 1, Final II = 1, Depth = 3."/>
	<Message severity="INFO" prefix="[SCHED 204-61]" key="SCHED_PIPELINING_STATUS_41" tag="" content="Pipelining loop &apos;Loop 29&apos;."/>
	<Message severity="INFO" prefix="[SCHED 204-61]" key="SCHED_PIPELINING_STATUS_44" tag="" content="Pipelining result : Target II = 1, Final II = 1, Depth = 2."/>
	<Message severity="INFO" prefix="[SCHED 204-61]" key="SCHED_PIPELINING_STATUS_41" tag="" content="Pipelining loop &apos;memcpy.axi09_ptr0.m09_axi_output_buffer.gep&apos;."/>
	<Message severity="INFO" prefix="[SCHED 204-61]" key="SCHED_PIPELINING_STATUS_44" tag="" content="Pipelining result : Target II = 1, Final II = 1, Depth = 3."/>
	<Message severity="INFO" prefix="[SCHED 204-61]" key="SCHED_PIPELINING_STATUS_41" tag="" content="Pipelining loop &apos;memcpy.m10_axi_input_buffer.axi10_ptr0&apos;."/>
	<Message severity="INFO" prefix="[SCHED 204-61]" key="SCHED_PIPELINING_STATUS_44" tag="" content="Pipelining result : Target II = 1, Final II = 1, Depth = 3."/>
	<Message severity="INFO" prefix="[SCHED 204-61]" key="SCHED_PIPELINING_STATUS_41" tag="" content="Pipelining loop &apos;Loop 32&apos;."/>
	<Message severity="INFO" prefix="[SCHED 204-61]" key="SCHED_PIPELINING_STATUS_44" tag="" content="Pipelining result : Target II = 1, Final II = 1, Depth = 2."/>
	<Message severity="INFO" prefix="[SCHED 204-61]" key="SCHED_PIPELINING_STATUS_41" tag="" content="Pipelining loop &apos;memcpy.axi10_ptr0.m10_axi_output_buffer.gep&apos;."/>
	<Message severity="INFO" prefix="[SCHED 204-61]" key="SCHED_PIPELINING_STATUS_44" tag="" content="Pipelining result : Target II = 1, Final II = 1, Depth = 3."/>
	<Message severity="INFO" prefix="[SCHED 204-61]" key="SCHED_PIPELINING_STATUS_41" tag="" content="Pipelining loop &apos;memcpy.m11_axi_input_buffer.axi11_ptr0&apos;."/>
	<Message severity="INFO" prefix="[SCHED 204-61]" key="SCHED_PIPELINING_STATUS_44" tag="" content="Pipelining result : Target II = 1, Final II = 1, Depth = 3."/>
	<Message severity="INFO" prefix="[SCHED 204-61]" key="SCHED_PIPELINING_STATUS_41" tag="" content="Pipelining loop &apos;Loop 35&apos;."/>
	<Message severity="INFO" prefix="[SCHED 204-61]" key="SCHED_PIPELINING_STATUS_44" tag="" content="Pipelining result : Target II = 1, Final II = 1, Depth = 2."/>
	<Message severity="INFO" prefix="[SCHED 204-61]" key="SCHED_PIPELINING_STATUS_41" tag="" content="Pipelining loop &apos;memcpy.axi11_ptr0.m11_axi_output_buffer.gep&apos;."/>
	<Message severity="INFO" prefix="[SCHED 204-61]" key="SCHED_PIPELINING_STATUS_44" tag="" content="Pipelining result : Target II = 1, Final II = 1, Depth = 3."/>
	<Message severity="INFO" prefix="[SCHED 204-61]" key="SCHED_PIPELINING_STATUS_41" tag="" content="Pipelining loop &apos;memcpy.m12_axi_input_buffer.axi12_ptr0&apos;."/>
	<Message severity="INFO" prefix="[SCHED 204-61]" key="SCHED_PIPELINING_STATUS_44" tag="" content="Pipelining result : Target II = 1, Final II = 1, Depth = 3."/>
	<Message severity="INFO" prefix="[SCHED 204-61]" key="SCHED_PIPELINING_STATUS_41" tag="" content="Pipelining loop &apos;Loop 38&apos;."/>
	<Message severity="INFO" prefix="[SCHED 204-61]" key="SCHED_PIPELINING_STATUS_44" tag="" content="Pipelining result : Target II = 1, Final II = 1, Depth = 2."/>
	<Message severity="INFO" prefix="[SCHED 204-61]" key="SCHED_PIPELINING_STATUS_41" tag="" content="Pipelining loop &apos;memcpy.axi12_ptr0.m12_axi_output_buffer.gep&apos;."/>
	<Message severity="INFO" prefix="[SCHED 204-61]" key="SCHED_PIPELINING_STATUS_44" tag="" content="Pipelining result : Target II = 1, Final II = 1, Depth = 3."/>
	<Message severity="INFO" prefix="[SCHED 204-61]" key="SCHED_PIPELINING_STATUS_41" tag="" content="Pipelining loop &apos;memcpy.m13_axi_input_buffer.axi13_ptr0&apos;."/>
	<Message severity="INFO" prefix="[SCHED 204-61]" key="SCHED_PIPELINING_STATUS_44" tag="" content="Pipelining result : Target II = 1, Final II = 1, Depth = 3."/>
	<Message severity="INFO" prefix="[SCHED 204-61]" key="SCHED_PIPELINING_STATUS_41" tag="" content="Pipelining loop &apos;Loop 41&apos;."/>
	<Message severity="INFO" prefix="[SCHED 204-61]" key="SCHED_PIPELINING_STATUS_44" tag="" content="Pipelining result : Target II = 1, Final II = 1, Depth = 2."/>
	<Message severity="INFO" prefix="[SCHED 204-61]" key="SCHED_PIPELINING_STATUS_41" tag="" content="Pipelining loop &apos;memcpy.axi13_ptr0.m13_axi_output_buffer.gep&apos;."/>
	<Message severity="INFO" prefix="[SCHED 204-61]" key="SCHED_PIPELINING_STATUS_44" tag="" content="Pipelining result : Target II = 1, Final II = 1, Depth = 3."/>
	<Message severity="INFO" prefix="[SCHED 204-61]" key="SCHED_PIPELINING_STATUS_41" tag="" content="Pipelining loop &apos;memcpy.m14_axi_input_buffer.axi14_ptr0&apos;."/>
	<Message severity="INFO" prefix="[SCHED 204-61]" key="SCHED_PIPELINING_STATUS_44" tag="" content="Pipelining result : Target II = 1, Final II = 1, Depth = 3."/>
	<Message severity="INFO" prefix="[SCHED 204-61]" key="SCHED_PIPELINING_STATUS_41" tag="" content="Pipelining loop &apos;Loop 44&apos;."/>
	<Message severity="INFO" prefix="[SCHED 204-61]" key="SCHED_PIPELINING_STATUS_44" tag="" content="Pipelining result : Target II = 1, Final II = 1, Depth = 2."/>
	<Message severity="INFO" prefix="[SCHED 204-61]" key="SCHED_PIPELINING_STATUS_41" tag="" content="Pipelining loop &apos;memcpy.axi14_ptr0.m14_axi_output_buffer.gep&apos;."/>
	<Message severity="INFO" prefix="[SCHED 204-61]" key="SCHED_PIPELINING_STATUS_44" tag="" content="Pipelining result : Target II = 1, Final II = 1, Depth = 3."/>
	<Message severity="INFO" prefix="[SCHED 204-61]" key="SCHED_PIPELINING_STATUS_41" tag="" content="Pipelining loop &apos;memcpy.m15_axi_input_buffer.axi15_ptr0&apos;."/>
	<Message severity="INFO" prefix="[SCHED 204-61]" key="SCHED_PIPELINING_STATUS_44" tag="" content="Pipelining result : Target II = 1, Final II = 1, Depth = 3."/>
	<Message severity="INFO" prefix="[SCHED 204-61]" key="SCHED_PIPELINING_STATUS_41" tag="" content="Pipelining loop &apos;Loop 47&apos;."/>
	<Message severity="INFO" prefix="[SCHED 204-61]" key="SCHED_PIPELINING_STATUS_44" tag="" content="Pipelining result : Target II = 1, Final II = 1, Depth = 2."/>
	<Message severity="INFO" prefix="[SCHED 204-61]" key="SCHED_PIPELINING_STATUS_41" tag="" content="Pipelining loop &apos;memcpy.axi15_ptr0.m15_axi_output_buffer.gep&apos;."/>
	<Message severity="INFO" prefix="[SCHED 204-61]" key="SCHED_PIPELINING_STATUS_44" tag="" content="Pipelining result : Target II = 1, Final II = 1, Depth = 3."/>
	<Message severity="INFO" prefix="[SCHED 204-11]" key="SCHED_SCHED_STATUS_596" tag="" content="Finished scheduling."/>
	<Message severity="INFO" prefix="[HLS 200-111]" key="HLS_111_966" tag="" content=" Elapsed time: 77.95 seconds; current allocated memory: 124.159 MB."/>
	<Message severity="INFO" prefix="[BIND 205-100]" key="BIND_100_926" tag="" content="Starting micro-architecture generation ..."/>
	<Message severity="INFO" prefix="[BIND 205-101]" key="BIND_101_698" tag="" content="Performing variable lifetime analysis."/>
	<Message severity="INFO" prefix="[BIND 205-101]" key="BIND_101_697" tag="" content="Exploring resource sharing."/>
	<Message severity="INFO" prefix="[BIND 205-101]" key="BIND_101_693" tag="" content="Binding ..."/>
	<Message severity="INFO" prefix="[BIND 205-100]" key="BIND_100_925" tag="" content="Finished micro-architecture generation."/>
	<Message severity="INFO" prefix="[HLS 200-111]" key="HLS_111_966" tag="" content=" Elapsed time: 1.54 seconds; current allocated memory: 128.412 MB."/>
	<Message severity="INFO" prefix="[HLS 200-10]" key="HLS_10_1483" tag="" content="----------------------------------------------------------------"/>
	<Message severity="INFO" prefix="[HLS 200-10]" key="HLS_10_1484" tag="" content="-- Generating RTL for module &apos;FinalBFS_32&apos;"/>
	<Message severity="INFO" prefix="[HLS 200-10]" key="HLS_10_1485" tag="" content="----------------------------------------------------------------"/>
	<Message severity="INFO" prefix="[RTGEN 206-500]" key="PREPROC_IO_COMP_CONFLICT_1950" tag="" content="Setting interface mode on port &apos;FinalBFS_32/m00_axi&apos; to &apos;m_axi&apos;."/>
	<Message severity="INFO" prefix="[RTGEN 206-500]" key="PREPROC_IO_COMP_CONFLICT_1950" tag="" content="Setting interface mode on port &apos;FinalBFS_32/m01_axi&apos; to &apos;m_axi&apos;."/>
	<Message severity="INFO" prefix="[RTGEN 206-500]" key="PREPROC_IO_COMP_CONFLICT_1950" tag="" content="Setting interface mode on port &apos;FinalBFS_32/m02_axi&apos; to &apos;m_axi&apos;."/>
	<Message severity="INFO" prefix="[RTGEN 206-500]" key="PREPROC_IO_COMP_CONFLICT_1950" tag="" content="Setting interface mode on port &apos;FinalBFS_32/m03_axi&apos; to &apos;m_axi&apos;."/>
	<Message severity="INFO" prefix="[RTGEN 206-500]" key="PREPROC_IO_COMP_CONFLICT_1950" tag="" content="Setting interface mode on port &apos;FinalBFS_32/m04_axi&apos; to &apos;m_axi&apos;."/>
	<Message severity="INFO" prefix="[RTGEN 206-500]" key="PREPROC_IO_COMP_CONFLICT_1950" tag="" content="Setting interface mode on port &apos;FinalBFS_32/m05_axi&apos; to &apos;m_axi&apos;."/>
	<Message severity="INFO" prefix="[RTGEN 206-500]" key="PREPROC_IO_COMP_CONFLICT_1950" tag="" content="Setting interface mode on port &apos;FinalBFS_32/m06_axi&apos; to &apos;m_axi&apos;."/>
	<Message severity="INFO" prefix="[RTGEN 206-500]" key="PREPROC_IO_COMP_CONFLICT_1950" tag="" content="Setting interface mode on port &apos;FinalBFS_32/m07_axi&apos; to &apos;m_axi&apos;."/>
	<Message severity="INFO" prefix="[RTGEN 206-500]" key="PREPROC_IO_COMP_CONFLICT_1950" tag="" content="Setting interface mode on port &apos;FinalBFS_32/m08_axi&apos; to &apos;m_axi&apos;."/>
	<Message severity="INFO" prefix="[RTGEN 206-500]" key="PREPROC_IO_COMP_CONFLICT_1950" tag="" content="Setting interface mode on port &apos;FinalBFS_32/m09_axi&apos; to &apos;m_axi&apos;."/>
	<Message severity="INFO" prefix="[RTGEN 206-500]" key="PREPROC_IO_COMP_CONFLICT_1950" tag="" content="Setting interface mode on port &apos;FinalBFS_32/m10_axi&apos; to &apos;m_axi&apos;."/>
	<Message severity="INFO" prefix="[RTGEN 206-500]" key="PREPROC_IO_COMP_CONFLICT_1950" tag="" content="Setting interface mode on port &apos;FinalBFS_32/m11_axi&apos; to &apos;m_axi&apos;."/>
	<Message severity="INFO" prefix="[RTGEN 206-500]" key="PREPROC_IO_COMP_CONFLICT_1950" tag="" content="Setting interface mode on port &apos;FinalBFS_32/m12_axi&apos; to &apos;m_axi&apos;."/>
	<Message severity="INFO" prefix="[RTGEN 206-500]" key="PREPROC_IO_COMP_CONFLICT_1950" tag="" content="Setting interface mode on port &apos;FinalBFS_32/m13_axi&apos; to &apos;m_axi&apos;."/>
	<Message severity="INFO" prefix="[RTGEN 206-500]" key="PREPROC_IO_COMP_CONFLICT_1950" tag="" content="Setting interface mode on port &apos;FinalBFS_32/m14_axi&apos; to &apos;m_axi&apos;."/>
	<Message severity="INFO" prefix="[RTGEN 206-500]" key="PREPROC_IO_COMP_CONFLICT_1950" tag="" content="Setting interface mode on port &apos;FinalBFS_32/m15_axi&apos; to &apos;m_axi&apos;."/>
	<Message severity="INFO" prefix="[RTGEN 206-500]" key="PREPROC_IO_COMP_CONFLICT_1950" tag="" content="Setting interface mode on port &apos;FinalBFS_32/csr_c_addr&apos; to &apos;s_axilite &amp; ap_none&apos;."/>
	<Message severity="INFO" prefix="[RTGEN 206-500]" key="PREPROC_IO_COMP_CONFLICT_1950" tag="" content="Setting interface mode on port &apos;FinalBFS_32/csr_r_addr&apos; to &apos;s_axilite &amp; ap_none&apos;."/>
	<Message severity="INFO" prefix="[RTGEN 206-500]" key="PREPROC_IO_COMP_CONFLICT_1950" tag="" content="Setting interface mode on port &apos;FinalBFS_32/csc_c_addr&apos; to &apos;s_axilite &amp; ap_none&apos;."/>
	<Message severity="INFO" prefix="[RTGEN 206-500]" key="PREPROC_IO_COMP_CONFLICT_1950" tag="" content="Setting interface mode on port &apos;FinalBFS_32/csc_r_addr&apos; to &apos;s_axilite &amp; ap_none&apos;."/>
	<Message severity="INFO" prefix="[RTGEN 206-500]" key="PREPROC_IO_COMP_CONFLICT_1950" tag="" content="Setting interface mode on port &apos;FinalBFS_32/level_addr&apos; to &apos;s_axilite &amp; ap_none&apos;."/>
	<Message severity="INFO" prefix="[RTGEN 206-500]" key="PREPROC_IO_COMP_CONFLICT_1950" tag="" content="Setting interface mode on port &apos;FinalBFS_32/node_num&apos; to &apos;s_axilite &amp; ap_none&apos;."/>
	<Message severity="INFO" prefix="[RTGEN 206-500]" key="PREPROC_IO_COMP_CONFLICT_1950" tag="" content="Setting interface mode on port &apos;FinalBFS_32/push_to_pull_level&apos; to &apos;s_axilite &amp; ap_none&apos;."/>
	<Message severity="INFO" prefix="[RTGEN 206-500]" key="PREPROC_IO_COMP_CONFLICT_1950" tag="" content="Setting interface mode on port &apos;FinalBFS_32/pull_to_push_level&apos; to &apos;s_axilite &amp; ap_none&apos;."/>
	<Message severity="INFO" prefix="[RTGEN 206-500]" key="PREPROC_IO_COMP_CONFLICT_1950" tag="" content="Setting interface mode on port &apos;FinalBFS_32/axi00_ptr0&apos; to &apos;s_axilite &amp; ap_none&apos;."/>
	<Message severity="INFO" prefix="[RTGEN 206-500]" key="PREPROC_IO_COMP_CONFLICT_1950" tag="" content="Setting interface mode on port &apos;FinalBFS_32/axi01_ptr0&apos; to &apos;s_axilite &amp; ap_none&apos;."/>
	<Message severity="INFO" prefix="[RTGEN 206-500]" key="PREPROC_IO_COMP_CONFLICT_1950" tag="" content="Setting interface mode on port &apos;FinalBFS_32/axi02_ptr0&apos; to &apos;s_axilite &amp; ap_none&apos;."/>
	<Message severity="INFO" prefix="[RTGEN 206-500]" key="PREPROC_IO_COMP_CONFLICT_1950" tag="" content="Setting interface mode on port &apos;FinalBFS_32/axi03_ptr0&apos; to &apos;s_axilite &amp; ap_none&apos;."/>
	<Message severity="INFO" prefix="[RTGEN 206-500]" key="PREPROC_IO_COMP_CONFLICT_1950" tag="" content="Setting interface mode on port &apos;FinalBFS_32/axi04_ptr0&apos; to &apos;s_axilite &amp; ap_none&apos;."/>
	<Message severity="INFO" prefix="[RTGEN 206-500]" key="PREPROC_IO_COMP_CONFLICT_1950" tag="" content="Setting interface mode on port &apos;FinalBFS_32/axi05_ptr0&apos; to &apos;s_axilite &amp; ap_none&apos;."/>
	<Message severity="INFO" prefix="[RTGEN 206-500]" key="PREPROC_IO_COMP_CONFLICT_1950" tag="" content="Setting interface mode on port &apos;FinalBFS_32/axi06_ptr0&apos; to &apos;s_axilite &amp; ap_none&apos;."/>
	<Message severity="INFO" prefix="[RTGEN 206-500]" key="PREPROC_IO_COMP_CONFLICT_1950" tag="" content="Setting interface mode on port &apos;FinalBFS_32/axi07_ptr0&apos; to &apos;s_axilite &amp; ap_none&apos;."/>
	<Message severity="INFO" prefix="[RTGEN 206-500]" key="PREPROC_IO_COMP_CONFLICT_1950" tag="" content="Setting interface mode on port &apos;FinalBFS_32/axi08_ptr0&apos; to &apos;s_axilite &amp; ap_none&apos;."/>
	<Message severity="INFO" prefix="[RTGEN 206-500]" key="PREPROC_IO_COMP_CONFLICT_1950" tag="" content="Setting interface mode on port &apos;FinalBFS_32/axi09_ptr0&apos; to &apos;s_axilite &amp; ap_none&apos;."/>
	<Message severity="INFO" prefix="[RTGEN 206-500]" key="PREPROC_IO_COMP_CONFLICT_1950" tag="" content="Setting interface mode on port &apos;FinalBFS_32/axi10_ptr0&apos; to &apos;s_axilite &amp; ap_none&apos;."/>
	<Message severity="INFO" prefix="[RTGEN 206-500]" key="PREPROC_IO_COMP_CONFLICT_1950" tag="" content="Setting interface mode on port &apos;FinalBFS_32/axi11_ptr0&apos; to &apos;s_axilite &amp; ap_none&apos;."/>
	<Message severity="INFO" prefix="[RTGEN 206-500]" key="PREPROC_IO_COMP_CONFLICT_1950" tag="" content="Setting interface mode on port &apos;FinalBFS_32/axi12_ptr0&apos; to &apos;s_axilite &amp; ap_none&apos;."/>
	<Message severity="INFO" prefix="[RTGEN 206-500]" key="PREPROC_IO_COMP_CONFLICT_1950" tag="" content="Setting interface mode on port &apos;FinalBFS_32/axi13_ptr0&apos; to &apos;s_axilite &amp; ap_none&apos;."/>
	<Message severity="INFO" prefix="[RTGEN 206-500]" key="PREPROC_IO_COMP_CONFLICT_1950" tag="" content="Setting interface mode on port &apos;FinalBFS_32/axi14_ptr0&apos; to &apos;s_axilite &amp; ap_none&apos;."/>
	<Message severity="INFO" prefix="[RTGEN 206-500]" key="PREPROC_IO_COMP_CONFLICT_1950" tag="" content="Setting interface mode on port &apos;FinalBFS_32/axi15_ptr0&apos; to &apos;s_axilite &amp; ap_none&apos;."/>
	<Message severity="INFO" prefix="[RTGEN 206-500]" key="PREPROC_IO_COMP_CONFLICT_1950" tag="" content="Setting interface mode on function &apos;FinalBFS_32&apos; to &apos;s_axilite &amp; ap_ctrl_hs&apos;."/>
	<Message severity="INFO" prefix="[RTGEN 206-100]" key="RTGEN_100_851" tag="" content="Bundling port &apos;return&apos;, &apos;csr_c_addr&apos;, &apos;csr_r_addr&apos;, &apos;csc_c_addr&apos;, &apos;csc_r_addr&apos;, &apos;level_addr&apos;, &apos;node_num&apos;, &apos;push_to_pull_level&apos;, &apos;pull_to_push_level&apos;, &apos;axi00_ptr0&apos;, &apos;axi01_ptr0&apos;, &apos;axi02_ptr0&apos;, &apos;axi03_ptr0&apos;, &apos;axi04_ptr0&apos;, &apos;axi05_ptr0&apos;, &apos;axi06_ptr0&apos;, &apos;axi07_ptr0&apos;, &apos;axi08_ptr0&apos;, &apos;axi09_ptr0&apos;, &apos;axi10_ptr0&apos;, &apos;axi11_ptr0&apos;, &apos;axi12_ptr0&apos;, &apos;axi13_ptr0&apos;, &apos;axi14_ptr0&apos; and &apos;axi15_ptr0&apos; to AXI-Lite port control."/>
	<Message severity="INFO" prefix="[RTGEN 206-100]" key="RTGEN_100_856" tag="" content="Finished creating RTL model for &apos;FinalBFS_32&apos;."/>
	<Message severity="INFO" prefix="[HLS 200-111]" key="HLS_111_966" tag="" content=" Elapsed time: 2.24 seconds; current allocated memory: 140.895 MB."/>
	<Message severity="INFO" prefix="[HLS 200-790]" key="HLS 200-790" tag="LOOP,SDX_LOOP" content="**** Loop Constraint Status: All loop constraints were satisfied."/>
	<Message severity="INFO" prefix="[HLS 200-789]" key="HLS 200-789" tag="THROUGHPUT,SDX_KERNEL" content="**** Estimated Fmax: 114.29 MHz"/>
	<Message severity="INFO" prefix="[RTMG 210-278]" key="RTMG_278_1790" tag="" content="Implementing memory &apos;FinalBFS_32_m00_axi_input_buffer_ram (RAM)&apos; using block RAMs."/>
	<Message severity="INFO" prefix="[HLS 200-111]" key="HLS_111_965" tag="" content="Finished generating all RTL models Time (s): cpu = 00:01:27 ; elapsed = 00:01:31 . Memory (MB): peak = 964.152 ; gain = 532.148 ; free physical = 10235 ; free virtual = 23178"/>
	<Message severity="INFO" prefix="[VHDL 208-304]" key="VHDL_304_1066" tag="" content="Generating VHDL RTL for FinalBFS_32."/>
	<Message severity="INFO" prefix="[VLOG 209-307]" key="VLOG_307_1067" tag="" content="Generating Verilog RTL for FinalBFS_32."/>
</Messages>
