<profile>

<section name = "Vivado HLS Report for 'FinalBFS_32'" level="0">
<item name = "Date">Mon Jul 20 09:47:29 2020
</item>
<item name = "Version">2019.2 (Build 2704478 on Wed Nov 06 22:10:23 MST 2019)</item>
<item name = "Project">prj</item>
<item name = "Solution">sol</item>
<item name = "Product family">virtexuplus</item>
<item name = "Target device">xcu280-fsvh2892-2L-e</item>
</section>

<section name = "Performance Estimates" level="0">
<item name = "Timing">
<section name = "" level="1">
<item name = "Summary"><table name="" hasTotal="0">
<keys size="4">Clock, Target, Estimated, Uncertainty</keys>
<column name="ap_clk">10.00 ns, 8.750 ns, 1.25 ns</column>
</table>
</item>
</section>
</item>
<item name = "Latency">
<section name = "" level="1">
<item name = "Summary"><table name="" hasTotal="0">
<keys size="8">, min, max, min, max, min, max, Type</keys>
<column name="">196837, 196837, 1.968 ms, 1.968 ms, 196837, 196837, none</column>
</table>
</item>
<item name = "Detail">
<section name = "" level="1">
<item name = "Instance"><table name="" hasTotal="0">
<keys size="9">Instance, Module, min, max, min, max, min, max, Type</keys>
</table>
</item>
<item name = "Loop"><table name="" hasTotal="0">
<keys size="8">Loop Name, min, max, Latency, achieved, target, Count, Pipelined</keys>
<column name="- memcpy.m00_axi_input_buffer.axi00_ptr0">4097, 4097, 3, 1, 1, 4096, yes</column>
<column name="- Loop 2">4096, 4096, 2, 1, 1, 4096, yes</column>
<column name="- memcpy.axi00_ptr0.m00_axi_output_buffer.gep">4097, 4097, 3, 1, 1, 4096, yes</column>
<column name="- memcpy.m01_axi_input_buffer.axi01_ptr0">4097, 4097, 3, 1, 1, 4096, yes</column>
<column name="- Loop 5">4096, 4096, 2, 1, 1, 4096, yes</column>
<column name="- memcpy.axi01_ptr0.m01_axi_output_buffer.gep">4097, 4097, 3, 1, 1, 4096, yes</column>
<column name="- memcpy.m02_axi_input_buffer.axi02_ptr0">4097, 4097, 3, 1, 1, 4096, yes</column>
<column name="- Loop 8">4096, 4096, 2, 1, 1, 4096, yes</column>
<column name="- memcpy.axi02_ptr0.m02_axi_output_buffer.gep">4097, 4097, 3, 1, 1, 4096, yes</column>
<column name="- memcpy.m03_axi_input_buffer.axi03_ptr0">4097, 4097, 3, 1, 1, 4096, yes</column>
<column name="- Loop 11">4096, 4096, 2, 1, 1, 4096, yes</column>
<column name="- memcpy.axi03_ptr0.m03_axi_output_buffer.gep">4097, 4097, 3, 1, 1, 4096, yes</column>
<column name="- memcpy.m04_axi_input_buffer.axi04_ptr0">4097, 4097, 3, 1, 1, 4096, yes</column>
<column name="- Loop 14">4096, 4096, 2, 1, 1, 4096, yes</column>
<column name="- memcpy.axi04_ptr0.m04_axi_output_buffer.gep">4097, 4097, 3, 1, 1, 4096, yes</column>
<column name="- memcpy.m05_axi_input_buffer.axi05_ptr0">4097, 4097, 3, 1, 1, 4096, yes</column>
<column name="- Loop 17">4096, 4096, 2, 1, 1, 4096, yes</column>
<column name="- memcpy.axi05_ptr0.m05_axi_output_buffer.gep">4097, 4097, 3, 1, 1, 4096, yes</column>
<column name="- memcpy.m06_axi_input_buffer.axi06_ptr0">4097, 4097, 3, 1, 1, 4096, yes</column>
<column name="- Loop 20">4096, 4096, 2, 1, 1, 4096, yes</column>
<column name="- memcpy.axi06_ptr0.m06_axi_output_buffer.gep">4097, 4097, 3, 1, 1, 4096, yes</column>
<column name="- memcpy.m07_axi_input_buffer.axi07_ptr0">4097, 4097, 3, 1, 1, 4096, yes</column>
<column name="- Loop 23">4096, 4096, 2, 1, 1, 4096, yes</column>
<column name="- memcpy.axi07_ptr0.m07_axi_output_buffer.gep">4097, 4097, 3, 1, 1, 4096, yes</column>
<column name="- memcpy.m08_axi_input_buffer.axi08_ptr0">4097, 4097, 3, 1, 1, 4096, yes</column>
<column name="- Loop 26">4096, 4096, 2, 1, 1, 4096, yes</column>
<column name="- memcpy.axi08_ptr0.m08_axi_output_buffer.gep">4097, 4097, 3, 1, 1, 4096, yes</column>
<column name="- memcpy.m09_axi_input_buffer.axi09_ptr0">4097, 4097, 3, 1, 1, 4096, yes</column>
<column name="- Loop 29">4096, 4096, 2, 1, 1, 4096, yes</column>
<column name="- memcpy.axi09_ptr0.m09_axi_output_buffer.gep">4097, 4097, 3, 1, 1, 4096, yes</column>
<column name="- memcpy.m10_axi_input_buffer.axi10_ptr0">4097, 4097, 3, 1, 1, 4096, yes</column>
<column name="- Loop 32">4096, 4096, 2, 1, 1, 4096, yes</column>
<column name="- memcpy.axi10_ptr0.m10_axi_output_buffer.gep">4097, 4097, 3, 1, 1, 4096, yes</column>
<column name="- memcpy.m11_axi_input_buffer.axi11_ptr0">4097, 4097, 3, 1, 1, 4096, yes</column>
<column name="- Loop 35">4096, 4096, 2, 1, 1, 4096, yes</column>
<column name="- memcpy.axi11_ptr0.m11_axi_output_buffer.gep">4097, 4097, 3, 1, 1, 4096, yes</column>
<column name="- memcpy.m12_axi_input_buffer.axi12_ptr0">4097, 4097, 3, 1, 1, 4096, yes</column>
<column name="- Loop 38">4096, 4096, 2, 1, 1, 4096, yes</column>
<column name="- memcpy.axi12_ptr0.m12_axi_output_buffer.gep">4097, 4097, 3, 1, 1, 4096, yes</column>
<column name="- memcpy.m13_axi_input_buffer.axi13_ptr0">4097, 4097, 3, 1, 1, 4096, yes</column>
<column name="- Loop 41">4096, 4096, 2, 1, 1, 4096, yes</column>
<column name="- memcpy.axi13_ptr0.m13_axi_output_buffer.gep">4097, 4097, 3, 1, 1, 4096, yes</column>
<column name="- memcpy.m14_axi_input_buffer.axi14_ptr0">4097, 4097, 3, 1, 1, 4096, yes</column>
<column name="- Loop 44">4096, 4096, 2, 1, 1, 4096, yes</column>
<column name="- memcpy.axi14_ptr0.m14_axi_output_buffer.gep">4097, 4097, 3, 1, 1, 4096, yes</column>
<column name="- memcpy.m15_axi_input_buffer.axi15_ptr0">4097, 4097, 3, 1, 1, 4096, yes</column>
<column name="- Loop 47">4096, 4096, 2, 1, 1, 4096, yes</column>
<column name="- memcpy.axi15_ptr0.m15_axi_output_buffer.gep">4097, 4097, 3, 1, 1, 4096, yes</column>
</table>
</item>
</section>
</item>
</section>
</item>
</section>
</profile>
