<annotationInfo>
<item  id="130" filename="../FinalBFS_32_cmodel.cpp" linenumber="99" name="m00_axi_input_buffer" contextFuncName="FinalBFS_32" moduleName="FinalBFS_32" rtlName="m00_axi_input_buffer_U" latency="0" BRAM="-1" DSP="-1" FF="-1" LUT="-1" fileDirectory="/home/ubuntu/Desktop/bfs_32/HBMGraph-proj/workspace/FinalBFS_32/vivado_rtl_kernel/FinalBFS_32_ex/imports/hls"><\/item>
<item  id="131" filename="../FinalBFS_32_cmodel.cpp" linenumber="100" name="m00_axi_output_buffer" contextFuncName="FinalBFS_32" moduleName="FinalBFS_32" rtlName="m00_axi_output_buffer_U" latency="0" BRAM="-1" DSP="-1" FF="-1" LUT="-1" fileDirectory="/home/ubuntu/Desktop/bfs_32/HBMGraph-proj/workspace/FinalBFS_32/vivado_rtl_kernel/FinalBFS_32_ex/imports/hls"><\/item>
<item  id="132" filename="../FinalBFS_32_cmodel.cpp" linenumber="120" name="m01_axi_input_buffer" contextFuncName="FinalBFS_32" moduleName="FinalBFS_32" rtlName="m01_axi_input_buffer_U" latency="0" BRAM="-1" DSP="-1" FF="-1" LUT="-1" fileDirectory="/home/ubuntu/Desktop/bfs_32/HBMGraph-proj/workspace/FinalBFS_32/vivado_rtl_kernel/FinalBFS_32_ex/imports/hls"><\/item>
<item  id="133" filename="../FinalBFS_32_cmodel.cpp" linenumber="121" name="m01_axi_output_buffer" contextFuncName="FinalBFS_32" moduleName="FinalBFS_32" rtlName="m01_axi_output_buffer_U" latency="0" BRAM="-1" DSP="-1" FF="-1" LUT="-1" fileDirectory="/home/ubuntu/Desktop/bfs_32/HBMGraph-proj/workspace/FinalBFS_32/vivado_rtl_kernel/FinalBFS_32_ex/imports/hls"><\/item>
<item  id="134" filename="../FinalBFS_32_cmodel.cpp" linenumber="141" name="m02_axi_input_buffer" contextFuncName="FinalBFS_32" moduleName="FinalBFS_32" rtlName="m02_axi_input_buffer_U" latency="0" BRAM="-1" DSP="-1" FF="-1" LUT="-1" fileDirectory="/home/ubuntu/Desktop/bfs_32/HBMGraph-proj/workspace/FinalBFS_32/vivado_rtl_kernel/FinalBFS_32_ex/imports/hls"><\/item>
<item  id="135" filename="../FinalBFS_32_cmodel.cpp" linenumber="142" name="m02_axi_output_buffer" contextFuncName="FinalBFS_32" moduleName="FinalBFS_32" rtlName="m02_axi_output_buffer_U" latency="0" BRAM="-1" DSP="-1" FF="-1" LUT="-1" fileDirectory="/home/ubuntu/Desktop/bfs_32/HBMGraph-proj/workspace/FinalBFS_32/vivado_rtl_kernel/FinalBFS_32_ex/imports/hls"><\/item>
<item  id="136" filename="../FinalBFS_32_cmodel.cpp" linenumber="162" name="m03_axi_input_buffer" contextFuncName="FinalBFS_32" moduleName="FinalBFS_32" rtlName="m03_axi_input_buffer_U" latency="0" BRAM="-1" DSP="-1" FF="-1" LUT="-1" fileDirectory="/home/ubuntu/Desktop/bfs_32/HBMGraph-proj/workspace/FinalBFS_32/vivado_rtl_kernel/FinalBFS_32_ex/imports/hls"><\/item>
<item  id="137" filename="../FinalBFS_32_cmodel.cpp" linenumber="163" name="m03_axi_output_buffer" contextFuncName="FinalBFS_32" moduleName="FinalBFS_32" rtlName="m03_axi_output_buffer_U" latency="0" BRAM="-1" DSP="-1" FF="-1" LUT="-1" fileDirectory="/home/ubuntu/Desktop/bfs_32/HBMGraph-proj/workspace/FinalBFS_32/vivado_rtl_kernel/FinalBFS_32_ex/imports/hls"><\/item>
<item  id="138" filename="../FinalBFS_32_cmodel.cpp" linenumber="183" name="m04_axi_input_buffer" contextFuncName="FinalBFS_32" moduleName="FinalBFS_32" rtlName="m04_axi_input_buffer_U" latency="0" BRAM="-1" DSP="-1" FF="-1" LUT="-1" fileDirectory="/home/ubuntu/Desktop/bfs_32/HBMGraph-proj/workspace/FinalBFS_32/vivado_rtl_kernel/FinalBFS_32_ex/imports/hls"><\/item>
<item  id="139" filename="../FinalBFS_32_cmodel.cpp" linenumber="184" name="m04_axi_output_buffer" contextFuncName="FinalBFS_32" moduleName="FinalBFS_32" rtlName="m04_axi_output_buffer_U" latency="0" BRAM="-1" DSP="-1" FF="-1" LUT="-1" fileDirectory="/home/ubuntu/Desktop/bfs_32/HBMGraph-proj/workspace/FinalBFS_32/vivado_rtl_kernel/FinalBFS_32_ex/imports/hls"><\/item>
<item  id="140" filename="../FinalBFS_32_cmodel.cpp" linenumber="204" name="m05_axi_input_buffer" contextFuncName="FinalBFS_32" moduleName="FinalBFS_32" rtlName="m05_axi_input_buffer_U" latency="0" BRAM="-1" DSP="-1" FF="-1" LUT="-1" fileDirectory="/home/ubuntu/Desktop/bfs_32/HBMGraph-proj/workspace/FinalBFS_32/vivado_rtl_kernel/FinalBFS_32_ex/imports/hls"><\/item>
<item  id="141" filename="../FinalBFS_32_cmodel.cpp" linenumber="205" name="m05_axi_output_buffer" contextFuncName="FinalBFS_32" moduleName="FinalBFS_32" rtlName="m05_axi_output_buffer_U" latency="0" BRAM="-1" DSP="-1" FF="-1" LUT="-1" fileDirectory="/home/ubuntu/Desktop/bfs_32/HBMGraph-proj/workspace/FinalBFS_32/vivado_rtl_kernel/FinalBFS_32_ex/imports/hls"><\/item>
<item  id="142" filename="../FinalBFS_32_cmodel.cpp" linenumber="225" name="m06_axi_input_buffer" contextFuncName="FinalBFS_32" moduleName="FinalBFS_32" rtlName="m06_axi_input_buffer_U" latency="0" BRAM="-1" DSP="-1" FF="-1" LUT="-1" fileDirectory="/home/ubuntu/Desktop/bfs_32/HBMGraph-proj/workspace/FinalBFS_32/vivado_rtl_kernel/FinalBFS_32_ex/imports/hls"><\/item>
<item  id="143" filename="../FinalBFS_32_cmodel.cpp" linenumber="226" name="m06_axi_output_buffer" contextFuncName="FinalBFS_32" moduleName="FinalBFS_32" rtlName="m06_axi_output_buffer_U" latency="0" BRAM="-1" DSP="-1" FF="-1" LUT="-1" fileDirectory="/home/ubuntu/Desktop/bfs_32/HBMGraph-proj/workspace/FinalBFS_32/vivado_rtl_kernel/FinalBFS_32_ex/imports/hls"><\/item>
<item  id="144" filename="../FinalBFS_32_cmodel.cpp" linenumber="246" name="m07_axi_input_buffer" contextFuncName="FinalBFS_32" moduleName="FinalBFS_32" rtlName="m07_axi_input_buffer_U" latency="0" BRAM="-1" DSP="-1" FF="-1" LUT="-1" fileDirectory="/home/ubuntu/Desktop/bfs_32/HBMGraph-proj/workspace/FinalBFS_32/vivado_rtl_kernel/FinalBFS_32_ex/imports/hls"><\/item>
<item  id="145" filename="../FinalBFS_32_cmodel.cpp" linenumber="247" name="m07_axi_output_buffer" contextFuncName="FinalBFS_32" moduleName="FinalBFS_32" rtlName="m07_axi_output_buffer_U" latency="0" BRAM="-1" DSP="-1" FF="-1" LUT="-1" fileDirectory="/home/ubuntu/Desktop/bfs_32/HBMGraph-proj/workspace/FinalBFS_32/vivado_rtl_kernel/FinalBFS_32_ex/imports/hls"><\/item>
<item  id="146" filename="../FinalBFS_32_cmodel.cpp" linenumber="267" name="m08_axi_input_buffer" contextFuncName="FinalBFS_32" moduleName="FinalBFS_32" rtlName="m08_axi_input_buffer_U" latency="0" BRAM="-1" DSP="-1" FF="-1" LUT="-1" fileDirectory="/home/ubuntu/Desktop/bfs_32/HBMGraph-proj/workspace/FinalBFS_32/vivado_rtl_kernel/FinalBFS_32_ex/imports/hls"><\/item>
<item  id="147" filename="../FinalBFS_32_cmodel.cpp" linenumber="268" name="m08_axi_output_buffer" contextFuncName="FinalBFS_32" moduleName="FinalBFS_32" rtlName="m08_axi_output_buffer_U" latency="0" BRAM="-1" DSP="-1" FF="-1" LUT="-1" fileDirectory="/home/ubuntu/Desktop/bfs_32/HBMGraph-proj/workspace/FinalBFS_32/vivado_rtl_kernel/FinalBFS_32_ex/imports/hls"><\/item>
<item  id="148" filename="../FinalBFS_32_cmodel.cpp" linenumber="288" name="m09_axi_input_buffer" contextFuncName="FinalBFS_32" moduleName="FinalBFS_32" rtlName="m09_axi_input_buffer_U" latency="0" BRAM="-1" DSP="-1" FF="-1" LUT="-1" fileDirectory="/home/ubuntu/Desktop/bfs_32/HBMGraph-proj/workspace/FinalBFS_32/vivado_rtl_kernel/FinalBFS_32_ex/imports/hls"><\/item>
<item  id="149" filename="../FinalBFS_32_cmodel.cpp" linenumber="289" name="m09_axi_output_buffer" contextFuncName="FinalBFS_32" moduleName="FinalBFS_32" rtlName="m09_axi_output_buffer_U" latency="0" BRAM="-1" DSP="-1" FF="-1" LUT="-1" fileDirectory="/home/ubuntu/Desktop/bfs_32/HBMGraph-proj/workspace/FinalBFS_32/vivado_rtl_kernel/FinalBFS_32_ex/imports/hls"><\/item>
<item  id="150" filename="../FinalBFS_32_cmodel.cpp" linenumber="309" name="m10_axi_input_buffer" contextFuncName="FinalBFS_32" moduleName="FinalBFS_32" rtlName="m10_axi_input_buffer_U" latency="0" BRAM="-1" DSP="-1" FF="-1" LUT="-1" fileDirectory="/home/ubuntu/Desktop/bfs_32/HBMGraph-proj/workspace/FinalBFS_32/vivado_rtl_kernel/FinalBFS_32_ex/imports/hls"><\/item>
<item  id="151" filename="../FinalBFS_32_cmodel.cpp" linenumber="310" name="m10_axi_output_buffer" contextFuncName="FinalBFS_32" moduleName="FinalBFS_32" rtlName="m10_axi_output_buffer_U" latency="0" BRAM="-1" DSP="-1" FF="-1" LUT="-1" fileDirectory="/home/ubuntu/Desktop/bfs_32/HBMGraph-proj/workspace/FinalBFS_32/vivado_rtl_kernel/FinalBFS_32_ex/imports/hls"><\/item>
<item  id="152" filename="../FinalBFS_32_cmodel.cpp" linenumber="330" name="m11_axi_input_buffer" contextFuncName="FinalBFS_32" moduleName="FinalBFS_32" rtlName="m11_axi_input_buffer_U" latency="0" BRAM="-1" DSP="-1" FF="-1" LUT="-1" fileDirectory="/home/ubuntu/Desktop/bfs_32/HBMGraph-proj/workspace/FinalBFS_32/vivado_rtl_kernel/FinalBFS_32_ex/imports/hls"><\/item>
<item  id="153" filename="../FinalBFS_32_cmodel.cpp" linenumber="331" name="m11_axi_output_buffer" contextFuncName="FinalBFS_32" moduleName="FinalBFS_32" rtlName="m11_axi_output_buffer_U" latency="0" BRAM="-1" DSP="-1" FF="-1" LUT="-1" fileDirectory="/home/ubuntu/Desktop/bfs_32/HBMGraph-proj/workspace/FinalBFS_32/vivado_rtl_kernel/FinalBFS_32_ex/imports/hls"><\/item>
<item  id="154" filename="../FinalBFS_32_cmodel.cpp" linenumber="351" name="m12_axi_input_buffer" contextFuncName="FinalBFS_32" moduleName="FinalBFS_32" rtlName="m12_axi_input_buffer_U" latency="0" BRAM="-1" DSP="-1" FF="-1" LUT="-1" fileDirectory="/home/ubuntu/Desktop/bfs_32/HBMGraph-proj/workspace/FinalBFS_32/vivado_rtl_kernel/FinalBFS_32_ex/imports/hls"><\/item>
<item  id="155" filename="../FinalBFS_32_cmodel.cpp" linenumber="352" name="m12_axi_output_buffer" contextFuncName="FinalBFS_32" moduleName="FinalBFS_32" rtlName="m12_axi_output_buffer_U" latency="0" BRAM="-1" DSP="-1" FF="-1" LUT="-1" fileDirectory="/home/ubuntu/Desktop/bfs_32/HBMGraph-proj/workspace/FinalBFS_32/vivado_rtl_kernel/FinalBFS_32_ex/imports/hls"><\/item>
<item  id="156" filename="../FinalBFS_32_cmodel.cpp" linenumber="372" name="m13_axi_input_buffer" contextFuncName="FinalBFS_32" moduleName="FinalBFS_32" rtlName="m13_axi_input_buffer_U" latency="0" BRAM="-1" DSP="-1" FF="-1" LUT="-1" fileDirectory="/home/ubuntu/Desktop/bfs_32/HBMGraph-proj/workspace/FinalBFS_32/vivado_rtl_kernel/FinalBFS_32_ex/imports/hls"><\/item>
<item  id="157" filename="../FinalBFS_32_cmodel.cpp" linenumber="373" name="m13_axi_output_buffer" contextFuncName="FinalBFS_32" moduleName="FinalBFS_32" rtlName="m13_axi_output_buffer_U" latency="0" BRAM="-1" DSP="-1" FF="-1" LUT="-1" fileDirectory="/home/ubuntu/Desktop/bfs_32/HBMGraph-proj/workspace/FinalBFS_32/vivado_rtl_kernel/FinalBFS_32_ex/imports/hls"><\/item>
<item  id="158" filename="../FinalBFS_32_cmodel.cpp" linenumber="393" name="m14_axi_input_buffer" contextFuncName="FinalBFS_32" moduleName="FinalBFS_32" rtlName="m14_axi_input_buffer_U" latency="0" BRAM="-1" DSP="-1" FF="-1" LUT="-1" fileDirectory="/home/ubuntu/Desktop/bfs_32/HBMGraph-proj/workspace/FinalBFS_32/vivado_rtl_kernel/FinalBFS_32_ex/imports/hls"><\/item>
<item  id="159" filename="../FinalBFS_32_cmodel.cpp" linenumber="394" name="m14_axi_output_buffer" contextFuncName="FinalBFS_32" moduleName="FinalBFS_32" rtlName="m14_axi_output_buffer_U" latency="0" BRAM="-1" DSP="-1" FF="-1" LUT="-1" fileDirectory="/home/ubuntu/Desktop/bfs_32/HBMGraph-proj/workspace/FinalBFS_32/vivado_rtl_kernel/FinalBFS_32_ex/imports/hls"><\/item>
<item  id="160" filename="../FinalBFS_32_cmodel.cpp" linenumber="414" name="m15_axi_input_buffer" contextFuncName="FinalBFS_32" moduleName="FinalBFS_32" rtlName="m15_axi_input_buffer_U" latency="0" BRAM="-1" DSP="-1" FF="-1" LUT="-1" fileDirectory="/home/ubuntu/Desktop/bfs_32/HBMGraph-proj/workspace/FinalBFS_32/vivado_rtl_kernel/FinalBFS_32_ex/imports/hls"><\/item>
<item  id="161" filename="../FinalBFS_32_cmodel.cpp" linenumber="415" name="m15_axi_output_buffer" contextFuncName="FinalBFS_32" moduleName="FinalBFS_32" rtlName="m15_axi_output_buffer_U" latency="0" BRAM="-1" DSP="-1" FF="-1" LUT="-1" fileDirectory="/home/ubuntu/Desktop/bfs_32/HBMGraph-proj/workspace/FinalBFS_32/vivado_rtl_kernel/FinalBFS_32_ex/imports/hls"><\/item>
<item  id="208" filename="../FinalBFS_32_cmodel.cpp" linenumber="108" name="icmp_ln108" contextFuncName="FinalBFS_32" moduleName="FinalBFS_32" rtlName="icmp_ln108_fu_2396_p2" latency="0" BRAM="-1" DSP="-1" FF="0" LUT="13" fileDirectory="/home/ubuntu/Desktop/bfs_32/HBMGraph-proj/workspace/FinalBFS_32/vivado_rtl_kernel/FinalBFS_32_ex/imports/hls"><\/item>
<item  id="210" filename="../FinalBFS_32_cmodel.cpp" linenumber="108" name="add_ln108" contextFuncName="FinalBFS_32" moduleName="FinalBFS_32" rtlName="add_ln108_fu_2402_p2" latency="0" BRAM="-1" DSP="-1" FF="0" LUT="13" fileDirectory="/home/ubuntu/Desktop/bfs_32/HBMGraph-proj/workspace/FinalBFS_32/vivado_rtl_kernel/FinalBFS_32_ex/imports/hls"><\/item>
<item  id="216" filename="../FinalBFS_32_cmodel.cpp" linenumber="108" name="zext_ln108" contextFuncName="FinalBFS_32" moduleName="FinalBFS_32" rtlName="zext_ln108_fu_2408_p1" latency="0" BRAM="-1" DSP="-1" FF="-1" LUT="-1" fileDirectory="/home/ubuntu/Desktop/bfs_32/HBMGraph-proj/workspace/FinalBFS_32/vivado_rtl_kernel/FinalBFS_32_ex/imports/hls"><\/item>
<item  id="227" filename="../FinalBFS_32_cmodel.cpp" linenumber="111" name="icmp_ln111" contextFuncName="FinalBFS_32" moduleName="FinalBFS_32" rtlName="icmp_ln111_fu_2413_p2" latency="0" BRAM="-1" DSP="-1" FF="0" LUT="13" fileDirectory="/home/ubuntu/Desktop/bfs_32/HBMGraph-proj/workspace/FinalBFS_32/vivado_rtl_kernel/FinalBFS_32_ex/imports/hls"><\/item>
<item  id="229" filename="../FinalBFS_32_cmodel.cpp" linenumber="111" name="i" contextFuncName="FinalBFS_32" moduleName="FinalBFS_32" rtlName="i_fu_2419_p2" latency="0" BRAM="-1" DSP="-1" FF="0" LUT="13" fileDirectory="/home/ubuntu/Desktop/bfs_32/HBMGraph-proj/workspace/FinalBFS_32/vivado_rtl_kernel/FinalBFS_32_ex/imports/hls"><\/item>
<item  id="232" filename="../FinalBFS_32_cmodel.cpp" linenumber="112" name="zext_ln112" contextFuncName="FinalBFS_32" moduleName="FinalBFS_32" rtlName="zext_ln112_fu_2425_p1" latency="0" BRAM="-1" DSP="-1" FF="-1" LUT="-1" fileDirectory="/home/ubuntu/Desktop/bfs_32/HBMGraph-proj/workspace/FinalBFS_32/vivado_rtl_kernel/FinalBFS_32_ex/imports/hls"><\/item>
<item  id="235" filename="../FinalBFS_32_cmodel.cpp" linenumber="112" name="add_ln112" contextFuncName="FinalBFS_32" moduleName="FinalBFS_32" rtlName="m00_axi_output_buffer_d0" latency="0" BRAM="-1" DSP="-1" FF="0" LUT="32" fileDirectory="/home/ubuntu/Desktop/bfs_32/HBMGraph-proj/workspace/FinalBFS_32/vivado_rtl_kernel/FinalBFS_32_ex/imports/hls"><\/item>
<item  id="244" filename="../FinalBFS_32_cmodel.cpp" linenumber="116" name="icmp_ln116" contextFuncName="FinalBFS_32" moduleName="FinalBFS_32" rtlName="icmp_ln116_fu_2437_p2" latency="0" BRAM="-1" DSP="-1" FF="0" LUT="13" fileDirectory="/home/ubuntu/Desktop/bfs_32/HBMGraph-proj/workspace/FinalBFS_32/vivado_rtl_kernel/FinalBFS_32_ex/imports/hls"><\/item>
<item  id="246" filename="../FinalBFS_32_cmodel.cpp" linenumber="116" name="add_ln116" contextFuncName="FinalBFS_32" moduleName="FinalBFS_32" rtlName="add_ln116_fu_2443_p2" latency="0" BRAM="-1" DSP="-1" FF="0" LUT="13" fileDirectory="/home/ubuntu/Desktop/bfs_32/HBMGraph-proj/workspace/FinalBFS_32/vivado_rtl_kernel/FinalBFS_32_ex/imports/hls"><\/item>
<item  id="252" filename="../FinalBFS_32_cmodel.cpp" linenumber="116" name="zext_ln116" contextFuncName="FinalBFS_32" moduleName="FinalBFS_32" rtlName="zext_ln116_fu_2449_p1" latency="0" BRAM="-1" DSP="-1" FF="-1" LUT="-1" fileDirectory="/home/ubuntu/Desktop/bfs_32/HBMGraph-proj/workspace/FinalBFS_32/vivado_rtl_kernel/FinalBFS_32_ex/imports/hls"><\/item>
<item  id="264" filename="../FinalBFS_32_cmodel.cpp" linenumber="129" name="icmp_ln129" contextFuncName="FinalBFS_32" moduleName="FinalBFS_32" rtlName="icmp_ln129_fu_2454_p2" latency="0" BRAM="-1" DSP="-1" FF="0" LUT="13" fileDirectory="/home/ubuntu/Desktop/bfs_32/HBMGraph-proj/workspace/FinalBFS_32/vivado_rtl_kernel/FinalBFS_32_ex/imports/hls"><\/item>
<item  id="266" filename="../FinalBFS_32_cmodel.cpp" linenumber="129" name="add_ln129" contextFuncName="FinalBFS_32" moduleName="FinalBFS_32" rtlName="add_ln129_fu_2460_p2" latency="0" BRAM="-1" DSP="-1" FF="0" LUT="13" fileDirectory="/home/ubuntu/Desktop/bfs_32/HBMGraph-proj/workspace/FinalBFS_32/vivado_rtl_kernel/FinalBFS_32_ex/imports/hls"><\/item>
<item  id="272" filename="../FinalBFS_32_cmodel.cpp" linenumber="129" name="zext_ln129" contextFuncName="FinalBFS_32" moduleName="FinalBFS_32" rtlName="zext_ln129_fu_2466_p1" latency="0" BRAM="-1" DSP="-1" FF="-1" LUT="-1" fileDirectory="/home/ubuntu/Desktop/bfs_32/HBMGraph-proj/workspace/FinalBFS_32/vivado_rtl_kernel/FinalBFS_32_ex/imports/hls"><\/item>
<item  id="283" filename="../FinalBFS_32_cmodel.cpp" linenumber="132" name="icmp_ln132" contextFuncName="FinalBFS_32" moduleName="FinalBFS_32" rtlName="icmp_ln132_fu_2471_p2" latency="0" BRAM="-1" DSP="-1" FF="0" LUT="13" fileDirectory="/home/ubuntu/Desktop/bfs_32/HBMGraph-proj/workspace/FinalBFS_32/vivado_rtl_kernel/FinalBFS_32_ex/imports/hls"><\/item>
<item  id="285" filename="../FinalBFS_32_cmodel.cpp" linenumber="132" name="i_1" contextFuncName="FinalBFS_32" moduleName="FinalBFS_32" rtlName="i_1_fu_2477_p2" latency="0" BRAM="-1" DSP="-1" FF="0" LUT="13" fileDirectory="/home/ubuntu/Desktop/bfs_32/HBMGraph-proj/workspace/FinalBFS_32/vivado_rtl_kernel/FinalBFS_32_ex/imports/hls"><\/item>
<item  id="288" filename="../FinalBFS_32_cmodel.cpp" linenumber="133" name="zext_ln133" contextFuncName="FinalBFS_32" moduleName="FinalBFS_32" rtlName="zext_ln133_fu_2483_p1" latency="0" BRAM="-1" DSP="-1" FF="-1" LUT="-1" fileDirectory="/home/ubuntu/Desktop/bfs_32/HBMGraph-proj/workspace/FinalBFS_32/vivado_rtl_kernel/FinalBFS_32_ex/imports/hls"><\/item>
<item  id="291" filename="../FinalBFS_32_cmodel.cpp" linenumber="133" name="add_ln133" contextFuncName="FinalBFS_32" moduleName="FinalBFS_32" rtlName="m01_axi_output_buffer_d0" latency="0" BRAM="-1" DSP="-1" FF="0" LUT="32" fileDirectory="/home/ubuntu/Desktop/bfs_32/HBMGraph-proj/workspace/FinalBFS_32/vivado_rtl_kernel/FinalBFS_32_ex/imports/hls"><\/item>
<item  id="300" filename="../FinalBFS_32_cmodel.cpp" linenumber="137" name="icmp_ln137" contextFuncName="FinalBFS_32" moduleName="FinalBFS_32" rtlName="icmp_ln137_fu_2495_p2" latency="0" BRAM="-1" DSP="-1" FF="0" LUT="13" fileDirectory="/home/ubuntu/Desktop/bfs_32/HBMGraph-proj/workspace/FinalBFS_32/vivado_rtl_kernel/FinalBFS_32_ex/imports/hls"><\/item>
<item  id="302" filename="../FinalBFS_32_cmodel.cpp" linenumber="137" name="add_ln137" contextFuncName="FinalBFS_32" moduleName="FinalBFS_32" rtlName="add_ln137_fu_2501_p2" latency="0" BRAM="-1" DSP="-1" FF="0" LUT="13" fileDirectory="/home/ubuntu/Desktop/bfs_32/HBMGraph-proj/workspace/FinalBFS_32/vivado_rtl_kernel/FinalBFS_32_ex/imports/hls"><\/item>
<item  id="308" filename="../FinalBFS_32_cmodel.cpp" linenumber="137" name="zext_ln137" contextFuncName="FinalBFS_32" moduleName="FinalBFS_32" rtlName="zext_ln137_fu_2507_p1" latency="0" BRAM="-1" DSP="-1" FF="-1" LUT="-1" fileDirectory="/home/ubuntu/Desktop/bfs_32/HBMGraph-proj/workspace/FinalBFS_32/vivado_rtl_kernel/FinalBFS_32_ex/imports/hls"><\/item>
<item  id="320" filename="../FinalBFS_32_cmodel.cpp" linenumber="150" name="icmp_ln150" contextFuncName="FinalBFS_32" moduleName="FinalBFS_32" rtlName="icmp_ln150_fu_2512_p2" latency="0" BRAM="-1" DSP="-1" FF="0" LUT="13" fileDirectory="/home/ubuntu/Desktop/bfs_32/HBMGraph-proj/workspace/FinalBFS_32/vivado_rtl_kernel/FinalBFS_32_ex/imports/hls"><\/item>
<item  id="322" filename="../FinalBFS_32_cmodel.cpp" linenumber="150" name="add_ln150" contextFuncName="FinalBFS_32" moduleName="FinalBFS_32" rtlName="add_ln150_fu_2518_p2" latency="0" BRAM="-1" DSP="-1" FF="0" LUT="13" fileDirectory="/home/ubuntu/Desktop/bfs_32/HBMGraph-proj/workspace/FinalBFS_32/vivado_rtl_kernel/FinalBFS_32_ex/imports/hls"><\/item>
<item  id="328" filename="../FinalBFS_32_cmodel.cpp" linenumber="150" name="zext_ln150" contextFuncName="FinalBFS_32" moduleName="FinalBFS_32" rtlName="zext_ln150_fu_2524_p1" latency="0" BRAM="-1" DSP="-1" FF="-1" LUT="-1" fileDirectory="/home/ubuntu/Desktop/bfs_32/HBMGraph-proj/workspace/FinalBFS_32/vivado_rtl_kernel/FinalBFS_32_ex/imports/hls"><\/item>
<item  id="339" filename="../FinalBFS_32_cmodel.cpp" linenumber="153" name="icmp_ln153" contextFuncName="FinalBFS_32" moduleName="FinalBFS_32" rtlName="icmp_ln153_fu_2529_p2" latency="0" BRAM="-1" DSP="-1" FF="0" LUT="13" fileDirectory="/home/ubuntu/Desktop/bfs_32/HBMGraph-proj/workspace/FinalBFS_32/vivado_rtl_kernel/FinalBFS_32_ex/imports/hls"><\/item>
<item  id="341" filename="../FinalBFS_32_cmodel.cpp" linenumber="153" name="i_2" contextFuncName="FinalBFS_32" moduleName="FinalBFS_32" rtlName="i_2_fu_2535_p2" latency="0" BRAM="-1" DSP="-1" FF="0" LUT="13" fileDirectory="/home/ubuntu/Desktop/bfs_32/HBMGraph-proj/workspace/FinalBFS_32/vivado_rtl_kernel/FinalBFS_32_ex/imports/hls"><\/item>
<item  id="344" filename="../FinalBFS_32_cmodel.cpp" linenumber="154" name="zext_ln154" contextFuncName="FinalBFS_32" moduleName="FinalBFS_32" rtlName="zext_ln154_fu_2541_p1" latency="0" BRAM="-1" DSP="-1" FF="-1" LUT="-1" fileDirectory="/home/ubuntu/Desktop/bfs_32/HBMGraph-proj/workspace/FinalBFS_32/vivado_rtl_kernel/FinalBFS_32_ex/imports/hls"><\/item>
<item  id="347" filename="../FinalBFS_32_cmodel.cpp" linenumber="154" name="add_ln154" contextFuncName="FinalBFS_32" moduleName="FinalBFS_32" rtlName="m02_axi_output_buffer_d0" latency="0" BRAM="-1" DSP="-1" FF="0" LUT="32" fileDirectory="/home/ubuntu/Desktop/bfs_32/HBMGraph-proj/workspace/FinalBFS_32/vivado_rtl_kernel/FinalBFS_32_ex/imports/hls"><\/item>
<item  id="356" filename="../FinalBFS_32_cmodel.cpp" linenumber="158" name="icmp_ln158" contextFuncName="FinalBFS_32" moduleName="FinalBFS_32" rtlName="icmp_ln158_fu_2553_p2" latency="0" BRAM="-1" DSP="-1" FF="0" LUT="13" fileDirectory="/home/ubuntu/Desktop/bfs_32/HBMGraph-proj/workspace/FinalBFS_32/vivado_rtl_kernel/FinalBFS_32_ex/imports/hls"><\/item>
<item  id="358" filename="../FinalBFS_32_cmodel.cpp" linenumber="158" name="add_ln158" contextFuncName="FinalBFS_32" moduleName="FinalBFS_32" rtlName="add_ln158_fu_2559_p2" latency="0" BRAM="-1" DSP="-1" FF="0" LUT="13" fileDirectory="/home/ubuntu/Desktop/bfs_32/HBMGraph-proj/workspace/FinalBFS_32/vivado_rtl_kernel/FinalBFS_32_ex/imports/hls"><\/item>
<item  id="364" filename="../FinalBFS_32_cmodel.cpp" linenumber="158" name="zext_ln158" contextFuncName="FinalBFS_32" moduleName="FinalBFS_32" rtlName="zext_ln158_fu_2565_p1" latency="0" BRAM="-1" DSP="-1" FF="-1" LUT="-1" fileDirectory="/home/ubuntu/Desktop/bfs_32/HBMGraph-proj/workspace/FinalBFS_32/vivado_rtl_kernel/FinalBFS_32_ex/imports/hls"><\/item>
<item  id="376" filename="../FinalBFS_32_cmodel.cpp" linenumber="171" name="icmp_ln171" contextFuncName="FinalBFS_32" moduleName="FinalBFS_32" rtlName="icmp_ln171_fu_2570_p2" latency="0" BRAM="-1" DSP="-1" FF="0" LUT="13" fileDirectory="/home/ubuntu/Desktop/bfs_32/HBMGraph-proj/workspace/FinalBFS_32/vivado_rtl_kernel/FinalBFS_32_ex/imports/hls"><\/item>
<item  id="378" filename="../FinalBFS_32_cmodel.cpp" linenumber="171" name="add_ln171" contextFuncName="FinalBFS_32" moduleName="FinalBFS_32" rtlName="add_ln171_fu_2576_p2" latency="0" BRAM="-1" DSP="-1" FF="0" LUT="13" fileDirectory="/home/ubuntu/Desktop/bfs_32/HBMGraph-proj/workspace/FinalBFS_32/vivado_rtl_kernel/FinalBFS_32_ex/imports/hls"><\/item>
<item  id="384" filename="../FinalBFS_32_cmodel.cpp" linenumber="171" name="zext_ln171" contextFuncName="FinalBFS_32" moduleName="FinalBFS_32" rtlName="zext_ln171_fu_2582_p1" latency="0" BRAM="-1" DSP="-1" FF="-1" LUT="-1" fileDirectory="/home/ubuntu/Desktop/bfs_32/HBMGraph-proj/workspace/FinalBFS_32/vivado_rtl_kernel/FinalBFS_32_ex/imports/hls"><\/item>
<item  id="395" filename="../FinalBFS_32_cmodel.cpp" linenumber="174" name="icmp_ln174" contextFuncName="FinalBFS_32" moduleName="FinalBFS_32" rtlName="icmp_ln174_fu_2587_p2" latency="0" BRAM="-1" DSP="-1" FF="0" LUT="13" fileDirectory="/home/ubuntu/Desktop/bfs_32/HBMGraph-proj/workspace/FinalBFS_32/vivado_rtl_kernel/FinalBFS_32_ex/imports/hls"><\/item>
<item  id="397" filename="../FinalBFS_32_cmodel.cpp" linenumber="174" name="i_3" contextFuncName="FinalBFS_32" moduleName="FinalBFS_32" rtlName="i_3_fu_2593_p2" latency="0" BRAM="-1" DSP="-1" FF="0" LUT="13" fileDirectory="/home/ubuntu/Desktop/bfs_32/HBMGraph-proj/workspace/FinalBFS_32/vivado_rtl_kernel/FinalBFS_32_ex/imports/hls"><\/item>
<item  id="400" filename="../FinalBFS_32_cmodel.cpp" linenumber="175" name="zext_ln175" contextFuncName="FinalBFS_32" moduleName="FinalBFS_32" rtlName="zext_ln175_fu_2599_p1" latency="0" BRAM="-1" DSP="-1" FF="-1" LUT="-1" fileDirectory="/home/ubuntu/Desktop/bfs_32/HBMGraph-proj/workspace/FinalBFS_32/vivado_rtl_kernel/FinalBFS_32_ex/imports/hls"><\/item>
<item  id="403" filename="../FinalBFS_32_cmodel.cpp" linenumber="175" name="add_ln175" contextFuncName="FinalBFS_32" moduleName="FinalBFS_32" rtlName="m03_axi_output_buffer_d0" latency="0" BRAM="-1" DSP="-1" FF="0" LUT="32" fileDirectory="/home/ubuntu/Desktop/bfs_32/HBMGraph-proj/workspace/FinalBFS_32/vivado_rtl_kernel/FinalBFS_32_ex/imports/hls"><\/item>
<item  id="412" filename="../FinalBFS_32_cmodel.cpp" linenumber="179" name="icmp_ln179" contextFuncName="FinalBFS_32" moduleName="FinalBFS_32" rtlName="icmp_ln179_fu_2611_p2" latency="0" BRAM="-1" DSP="-1" FF="0" LUT="13" fileDirectory="/home/ubuntu/Desktop/bfs_32/HBMGraph-proj/workspace/FinalBFS_32/vivado_rtl_kernel/FinalBFS_32_ex/imports/hls"><\/item>
<item  id="414" filename="../FinalBFS_32_cmodel.cpp" linenumber="179" name="add_ln179" contextFuncName="FinalBFS_32" moduleName="FinalBFS_32" rtlName="add_ln179_fu_2617_p2" latency="0" BRAM="-1" DSP="-1" FF="0" LUT="13" fileDirectory="/home/ubuntu/Desktop/bfs_32/HBMGraph-proj/workspace/FinalBFS_32/vivado_rtl_kernel/FinalBFS_32_ex/imports/hls"><\/item>
<item  id="420" filename="../FinalBFS_32_cmodel.cpp" linenumber="179" name="zext_ln179" contextFuncName="FinalBFS_32" moduleName="FinalBFS_32" rtlName="zext_ln179_fu_2623_p1" latency="0" BRAM="-1" DSP="-1" FF="-1" LUT="-1" fileDirectory="/home/ubuntu/Desktop/bfs_32/HBMGraph-proj/workspace/FinalBFS_32/vivado_rtl_kernel/FinalBFS_32_ex/imports/hls"><\/item>
<item  id="432" filename="../FinalBFS_32_cmodel.cpp" linenumber="192" name="icmp_ln192" contextFuncName="FinalBFS_32" moduleName="FinalBFS_32" rtlName="icmp_ln192_fu_2628_p2" latency="0" BRAM="-1" DSP="-1" FF="0" LUT="13" fileDirectory="/home/ubuntu/Desktop/bfs_32/HBMGraph-proj/workspace/FinalBFS_32/vivado_rtl_kernel/FinalBFS_32_ex/imports/hls"><\/item>
<item  id="434" filename="../FinalBFS_32_cmodel.cpp" linenumber="192" name="add_ln192" contextFuncName="FinalBFS_32" moduleName="FinalBFS_32" rtlName="add_ln192_fu_2634_p2" latency="0" BRAM="-1" DSP="-1" FF="0" LUT="13" fileDirectory="/home/ubuntu/Desktop/bfs_32/HBMGraph-proj/workspace/FinalBFS_32/vivado_rtl_kernel/FinalBFS_32_ex/imports/hls"><\/item>
<item  id="440" filename="../FinalBFS_32_cmodel.cpp" linenumber="192" name="zext_ln192" contextFuncName="FinalBFS_32" moduleName="FinalBFS_32" rtlName="zext_ln192_fu_2640_p1" latency="0" BRAM="-1" DSP="-1" FF="-1" LUT="-1" fileDirectory="/home/ubuntu/Desktop/bfs_32/HBMGraph-proj/workspace/FinalBFS_32/vivado_rtl_kernel/FinalBFS_32_ex/imports/hls"><\/item>
<item  id="451" filename="../FinalBFS_32_cmodel.cpp" linenumber="195" name="icmp_ln195" contextFuncName="FinalBFS_32" moduleName="FinalBFS_32" rtlName="icmp_ln195_fu_2645_p2" latency="0" BRAM="-1" DSP="-1" FF="0" LUT="13" fileDirectory="/home/ubuntu/Desktop/bfs_32/HBMGraph-proj/workspace/FinalBFS_32/vivado_rtl_kernel/FinalBFS_32_ex/imports/hls"><\/item>
<item  id="453" filename="../FinalBFS_32_cmodel.cpp" linenumber="195" name="i_4" contextFuncName="FinalBFS_32" moduleName="FinalBFS_32" rtlName="i_4_fu_2651_p2" latency="0" BRAM="-1" DSP="-1" FF="0" LUT="13" fileDirectory="/home/ubuntu/Desktop/bfs_32/HBMGraph-proj/workspace/FinalBFS_32/vivado_rtl_kernel/FinalBFS_32_ex/imports/hls"><\/item>
<item  id="456" filename="../FinalBFS_32_cmodel.cpp" linenumber="196" name="zext_ln196" contextFuncName="FinalBFS_32" moduleName="FinalBFS_32" rtlName="zext_ln196_fu_2657_p1" latency="0" BRAM="-1" DSP="-1" FF="-1" LUT="-1" fileDirectory="/home/ubuntu/Desktop/bfs_32/HBMGraph-proj/workspace/FinalBFS_32/vivado_rtl_kernel/FinalBFS_32_ex/imports/hls"><\/item>
<item  id="459" filename="../FinalBFS_32_cmodel.cpp" linenumber="196" name="add_ln196" contextFuncName="FinalBFS_32" moduleName="FinalBFS_32" rtlName="m04_axi_output_buffer_d0" latency="0" BRAM="-1" DSP="-1" FF="0" LUT="32" fileDirectory="/home/ubuntu/Desktop/bfs_32/HBMGraph-proj/workspace/FinalBFS_32/vivado_rtl_kernel/FinalBFS_32_ex/imports/hls"><\/item>
<item  id="468" filename="../FinalBFS_32_cmodel.cpp" linenumber="200" name="icmp_ln200" contextFuncName="FinalBFS_32" moduleName="FinalBFS_32" rtlName="icmp_ln200_fu_2669_p2" latency="0" BRAM="-1" DSP="-1" FF="0" LUT="13" fileDirectory="/home/ubuntu/Desktop/bfs_32/HBMGraph-proj/workspace/FinalBFS_32/vivado_rtl_kernel/FinalBFS_32_ex/imports/hls"><\/item>
<item  id="470" filename="../FinalBFS_32_cmodel.cpp" linenumber="200" name="add_ln200" contextFuncName="FinalBFS_32" moduleName="FinalBFS_32" rtlName="add_ln200_fu_2675_p2" latency="0" BRAM="-1" DSP="-1" FF="0" LUT="13" fileDirectory="/home/ubuntu/Desktop/bfs_32/HBMGraph-proj/workspace/FinalBFS_32/vivado_rtl_kernel/FinalBFS_32_ex/imports/hls"><\/item>
<item  id="476" filename="../FinalBFS_32_cmodel.cpp" linenumber="200" name="zext_ln200" contextFuncName="FinalBFS_32" moduleName="FinalBFS_32" rtlName="zext_ln200_fu_2681_p1" latency="0" BRAM="-1" DSP="-1" FF="-1" LUT="-1" fileDirectory="/home/ubuntu/Desktop/bfs_32/HBMGraph-proj/workspace/FinalBFS_32/vivado_rtl_kernel/FinalBFS_32_ex/imports/hls"><\/item>
<item  id="488" filename="../FinalBFS_32_cmodel.cpp" linenumber="213" name="icmp_ln213" contextFuncName="FinalBFS_32" moduleName="FinalBFS_32" rtlName="icmp_ln213_fu_2686_p2" latency="0" BRAM="-1" DSP="-1" FF="0" LUT="13" fileDirectory="/home/ubuntu/Desktop/bfs_32/HBMGraph-proj/workspace/FinalBFS_32/vivado_rtl_kernel/FinalBFS_32_ex/imports/hls"><\/item>
<item  id="490" filename="../FinalBFS_32_cmodel.cpp" linenumber="213" name="add_ln213" contextFuncName="FinalBFS_32" moduleName="FinalBFS_32" rtlName="add_ln213_fu_2692_p2" latency="0" BRAM="-1" DSP="-1" FF="0" LUT="13" fileDirectory="/home/ubuntu/Desktop/bfs_32/HBMGraph-proj/workspace/FinalBFS_32/vivado_rtl_kernel/FinalBFS_32_ex/imports/hls"><\/item>
<item  id="496" filename="../FinalBFS_32_cmodel.cpp" linenumber="213" name="zext_ln213" contextFuncName="FinalBFS_32" moduleName="FinalBFS_32" rtlName="zext_ln213_fu_2698_p1" latency="0" BRAM="-1" DSP="-1" FF="-1" LUT="-1" fileDirectory="/home/ubuntu/Desktop/bfs_32/HBMGraph-proj/workspace/FinalBFS_32/vivado_rtl_kernel/FinalBFS_32_ex/imports/hls"><\/item>
<item  id="507" filename="../FinalBFS_32_cmodel.cpp" linenumber="216" name="icmp_ln216" contextFuncName="FinalBFS_32" moduleName="FinalBFS_32" rtlName="icmp_ln216_fu_2703_p2" latency="0" BRAM="-1" DSP="-1" FF="0" LUT="13" fileDirectory="/home/ubuntu/Desktop/bfs_32/HBMGraph-proj/workspace/FinalBFS_32/vivado_rtl_kernel/FinalBFS_32_ex/imports/hls"><\/item>
<item  id="509" filename="../FinalBFS_32_cmodel.cpp" linenumber="216" name="i_5" contextFuncName="FinalBFS_32" moduleName="FinalBFS_32" rtlName="i_5_fu_2709_p2" latency="0" BRAM="-1" DSP="-1" FF="0" LUT="13" fileDirectory="/home/ubuntu/Desktop/bfs_32/HBMGraph-proj/workspace/FinalBFS_32/vivado_rtl_kernel/FinalBFS_32_ex/imports/hls"><\/item>
<item  id="512" filename="../FinalBFS_32_cmodel.cpp" linenumber="217" name="zext_ln217" contextFuncName="FinalBFS_32" moduleName="FinalBFS_32" rtlName="zext_ln217_fu_2715_p1" latency="0" BRAM="-1" DSP="-1" FF="-1" LUT="-1" fileDirectory="/home/ubuntu/Desktop/bfs_32/HBMGraph-proj/workspace/FinalBFS_32/vivado_rtl_kernel/FinalBFS_32_ex/imports/hls"><\/item>
<item  id="515" filename="../FinalBFS_32_cmodel.cpp" linenumber="217" name="add_ln217" contextFuncName="FinalBFS_32" moduleName="FinalBFS_32" rtlName="m05_axi_output_buffer_d0" latency="0" BRAM="-1" DSP="-1" FF="0" LUT="32" fileDirectory="/home/ubuntu/Desktop/bfs_32/HBMGraph-proj/workspace/FinalBFS_32/vivado_rtl_kernel/FinalBFS_32_ex/imports/hls"><\/item>
<item  id="524" filename="../FinalBFS_32_cmodel.cpp" linenumber="221" name="icmp_ln221" contextFuncName="FinalBFS_32" moduleName="FinalBFS_32" rtlName="icmp_ln221_fu_2727_p2" latency="0" BRAM="-1" DSP="-1" FF="0" LUT="13" fileDirectory="/home/ubuntu/Desktop/bfs_32/HBMGraph-proj/workspace/FinalBFS_32/vivado_rtl_kernel/FinalBFS_32_ex/imports/hls"><\/item>
<item  id="526" filename="../FinalBFS_32_cmodel.cpp" linenumber="221" name="add_ln221" contextFuncName="FinalBFS_32" moduleName="FinalBFS_32" rtlName="add_ln221_fu_2733_p2" latency="0" BRAM="-1" DSP="-1" FF="0" LUT="13" fileDirectory="/home/ubuntu/Desktop/bfs_32/HBMGraph-proj/workspace/FinalBFS_32/vivado_rtl_kernel/FinalBFS_32_ex/imports/hls"><\/item>
<item  id="532" filename="../FinalBFS_32_cmodel.cpp" linenumber="221" name="zext_ln221" contextFuncName="FinalBFS_32" moduleName="FinalBFS_32" rtlName="zext_ln221_fu_2739_p1" latency="0" BRAM="-1" DSP="-1" FF="-1" LUT="-1" fileDirectory="/home/ubuntu/Desktop/bfs_32/HBMGraph-proj/workspace/FinalBFS_32/vivado_rtl_kernel/FinalBFS_32_ex/imports/hls"><\/item>
<item  id="544" filename="../FinalBFS_32_cmodel.cpp" linenumber="234" name="icmp_ln234" contextFuncName="FinalBFS_32" moduleName="FinalBFS_32" rtlName="icmp_ln234_fu_2744_p2" latency="0" BRAM="-1" DSP="-1" FF="0" LUT="13" fileDirectory="/home/ubuntu/Desktop/bfs_32/HBMGraph-proj/workspace/FinalBFS_32/vivado_rtl_kernel/FinalBFS_32_ex/imports/hls"><\/item>
<item  id="546" filename="../FinalBFS_32_cmodel.cpp" linenumber="234" name="add_ln234" contextFuncName="FinalBFS_32" moduleName="FinalBFS_32" rtlName="add_ln234_fu_2750_p2" latency="0" BRAM="-1" DSP="-1" FF="0" LUT="13" fileDirectory="/home/ubuntu/Desktop/bfs_32/HBMGraph-proj/workspace/FinalBFS_32/vivado_rtl_kernel/FinalBFS_32_ex/imports/hls"><\/item>
<item  id="552" filename="../FinalBFS_32_cmodel.cpp" linenumber="234" name="zext_ln234" contextFuncName="FinalBFS_32" moduleName="FinalBFS_32" rtlName="zext_ln234_fu_2756_p1" latency="0" BRAM="-1" DSP="-1" FF="-1" LUT="-1" fileDirectory="/home/ubuntu/Desktop/bfs_32/HBMGraph-proj/workspace/FinalBFS_32/vivado_rtl_kernel/FinalBFS_32_ex/imports/hls"><\/item>
<item  id="563" filename="../FinalBFS_32_cmodel.cpp" linenumber="237" name="icmp_ln237" contextFuncName="FinalBFS_32" moduleName="FinalBFS_32" rtlName="icmp_ln237_fu_2761_p2" latency="0" BRAM="-1" DSP="-1" FF="0" LUT="13" fileDirectory="/home/ubuntu/Desktop/bfs_32/HBMGraph-proj/workspace/FinalBFS_32/vivado_rtl_kernel/FinalBFS_32_ex/imports/hls"><\/item>
<item  id="565" filename="../FinalBFS_32_cmodel.cpp" linenumber="237" name="i_6" contextFuncName="FinalBFS_32" moduleName="FinalBFS_32" rtlName="i_6_fu_2767_p2" latency="0" BRAM="-1" DSP="-1" FF="0" LUT="13" fileDirectory="/home/ubuntu/Desktop/bfs_32/HBMGraph-proj/workspace/FinalBFS_32/vivado_rtl_kernel/FinalBFS_32_ex/imports/hls"><\/item>
<item  id="568" filename="../FinalBFS_32_cmodel.cpp" linenumber="238" name="zext_ln238" contextFuncName="FinalBFS_32" moduleName="FinalBFS_32" rtlName="zext_ln238_fu_2773_p1" latency="0" BRAM="-1" DSP="-1" FF="-1" LUT="-1" fileDirectory="/home/ubuntu/Desktop/bfs_32/HBMGraph-proj/workspace/FinalBFS_32/vivado_rtl_kernel/FinalBFS_32_ex/imports/hls"><\/item>
<item  id="571" filename="../FinalBFS_32_cmodel.cpp" linenumber="238" name="add_ln238" contextFuncName="FinalBFS_32" moduleName="FinalBFS_32" rtlName="m06_axi_output_buffer_d0" latency="0" BRAM="-1" DSP="-1" FF="0" LUT="32" fileDirectory="/home/ubuntu/Desktop/bfs_32/HBMGraph-proj/workspace/FinalBFS_32/vivado_rtl_kernel/FinalBFS_32_ex/imports/hls"><\/item>
<item  id="580" filename="../FinalBFS_32_cmodel.cpp" linenumber="242" name="icmp_ln242" contextFuncName="FinalBFS_32" moduleName="FinalBFS_32" rtlName="icmp_ln242_fu_2785_p2" latency="0" BRAM="-1" DSP="-1" FF="0" LUT="13" fileDirectory="/home/ubuntu/Desktop/bfs_32/HBMGraph-proj/workspace/FinalBFS_32/vivado_rtl_kernel/FinalBFS_32_ex/imports/hls"><\/item>
<item  id="582" filename="../FinalBFS_32_cmodel.cpp" linenumber="242" name="add_ln242" contextFuncName="FinalBFS_32" moduleName="FinalBFS_32" rtlName="add_ln242_fu_2791_p2" latency="0" BRAM="-1" DSP="-1" FF="0" LUT="13" fileDirectory="/home/ubuntu/Desktop/bfs_32/HBMGraph-proj/workspace/FinalBFS_32/vivado_rtl_kernel/FinalBFS_32_ex/imports/hls"><\/item>
<item  id="588" filename="../FinalBFS_32_cmodel.cpp" linenumber="242" name="zext_ln242" contextFuncName="FinalBFS_32" moduleName="FinalBFS_32" rtlName="zext_ln242_fu_2797_p1" latency="0" BRAM="-1" DSP="-1" FF="-1" LUT="-1" fileDirectory="/home/ubuntu/Desktop/bfs_32/HBMGraph-proj/workspace/FinalBFS_32/vivado_rtl_kernel/FinalBFS_32_ex/imports/hls"><\/item>
<item  id="600" filename="../FinalBFS_32_cmodel.cpp" linenumber="255" name="icmp_ln255" contextFuncName="FinalBFS_32" moduleName="FinalBFS_32" rtlName="icmp_ln255_fu_2802_p2" latency="0" BRAM="-1" DSP="-1" FF="0" LUT="13" fileDirectory="/home/ubuntu/Desktop/bfs_32/HBMGraph-proj/workspace/FinalBFS_32/vivado_rtl_kernel/FinalBFS_32_ex/imports/hls"><\/item>
<item  id="602" filename="../FinalBFS_32_cmodel.cpp" linenumber="255" name="add_ln255" contextFuncName="FinalBFS_32" moduleName="FinalBFS_32" rtlName="add_ln255_fu_2808_p2" latency="0" BRAM="-1" DSP="-1" FF="0" LUT="13" fileDirectory="/home/ubuntu/Desktop/bfs_32/HBMGraph-proj/workspace/FinalBFS_32/vivado_rtl_kernel/FinalBFS_32_ex/imports/hls"><\/item>
<item  id="608" filename="../FinalBFS_32_cmodel.cpp" linenumber="255" name="zext_ln255" contextFuncName="FinalBFS_32" moduleName="FinalBFS_32" rtlName="zext_ln255_fu_2814_p1" latency="0" BRAM="-1" DSP="-1" FF="-1" LUT="-1" fileDirectory="/home/ubuntu/Desktop/bfs_32/HBMGraph-proj/workspace/FinalBFS_32/vivado_rtl_kernel/FinalBFS_32_ex/imports/hls"><\/item>
<item  id="619" filename="../FinalBFS_32_cmodel.cpp" linenumber="258" name="icmp_ln258" contextFuncName="FinalBFS_32" moduleName="FinalBFS_32" rtlName="icmp_ln258_fu_2819_p2" latency="0" BRAM="-1" DSP="-1" FF="0" LUT="13" fileDirectory="/home/ubuntu/Desktop/bfs_32/HBMGraph-proj/workspace/FinalBFS_32/vivado_rtl_kernel/FinalBFS_32_ex/imports/hls"><\/item>
<item  id="621" filename="../FinalBFS_32_cmodel.cpp" linenumber="258" name="i_7" contextFuncName="FinalBFS_32" moduleName="FinalBFS_32" rtlName="i_7_fu_2825_p2" latency="0" BRAM="-1" DSP="-1" FF="0" LUT="13" fileDirectory="/home/ubuntu/Desktop/bfs_32/HBMGraph-proj/workspace/FinalBFS_32/vivado_rtl_kernel/FinalBFS_32_ex/imports/hls"><\/item>
<item  id="624" filename="../FinalBFS_32_cmodel.cpp" linenumber="259" name="zext_ln259" contextFuncName="FinalBFS_32" moduleName="FinalBFS_32" rtlName="zext_ln259_fu_2831_p1" latency="0" BRAM="-1" DSP="-1" FF="-1" LUT="-1" fileDirectory="/home/ubuntu/Desktop/bfs_32/HBMGraph-proj/workspace/FinalBFS_32/vivado_rtl_kernel/FinalBFS_32_ex/imports/hls"><\/item>
<item  id="627" filename="../FinalBFS_32_cmodel.cpp" linenumber="259" name="add_ln259" contextFuncName="FinalBFS_32" moduleName="FinalBFS_32" rtlName="m07_axi_output_buffer_d0" latency="0" BRAM="-1" DSP="-1" FF="0" LUT="32" fileDirectory="/home/ubuntu/Desktop/bfs_32/HBMGraph-proj/workspace/FinalBFS_32/vivado_rtl_kernel/FinalBFS_32_ex/imports/hls"><\/item>
<item  id="636" filename="../FinalBFS_32_cmodel.cpp" linenumber="263" name="icmp_ln263" contextFuncName="FinalBFS_32" moduleName="FinalBFS_32" rtlName="icmp_ln263_fu_2843_p2" latency="0" BRAM="-1" DSP="-1" FF="0" LUT="13" fileDirectory="/home/ubuntu/Desktop/bfs_32/HBMGraph-proj/workspace/FinalBFS_32/vivado_rtl_kernel/FinalBFS_32_ex/imports/hls"><\/item>
<item  id="638" filename="../FinalBFS_32_cmodel.cpp" linenumber="263" name="add_ln263" contextFuncName="FinalBFS_32" moduleName="FinalBFS_32" rtlName="add_ln263_fu_2849_p2" latency="0" BRAM="-1" DSP="-1" FF="0" LUT="13" fileDirectory="/home/ubuntu/Desktop/bfs_32/HBMGraph-proj/workspace/FinalBFS_32/vivado_rtl_kernel/FinalBFS_32_ex/imports/hls"><\/item>
<item  id="644" filename="../FinalBFS_32_cmodel.cpp" linenumber="263" name="zext_ln263" contextFuncName="FinalBFS_32" moduleName="FinalBFS_32" rtlName="zext_ln263_fu_2855_p1" latency="0" BRAM="-1" DSP="-1" FF="-1" LUT="-1" fileDirectory="/home/ubuntu/Desktop/bfs_32/HBMGraph-proj/workspace/FinalBFS_32/vivado_rtl_kernel/FinalBFS_32_ex/imports/hls"><\/item>
<item  id="656" filename="../FinalBFS_32_cmodel.cpp" linenumber="276" name="icmp_ln276" contextFuncName="FinalBFS_32" moduleName="FinalBFS_32" rtlName="icmp_ln276_fu_2860_p2" latency="0" BRAM="-1" DSP="-1" FF="0" LUT="13" fileDirectory="/home/ubuntu/Desktop/bfs_32/HBMGraph-proj/workspace/FinalBFS_32/vivado_rtl_kernel/FinalBFS_32_ex/imports/hls"><\/item>
<item  id="658" filename="../FinalBFS_32_cmodel.cpp" linenumber="276" name="add_ln276" contextFuncName="FinalBFS_32" moduleName="FinalBFS_32" rtlName="add_ln276_fu_2866_p2" latency="0" BRAM="-1" DSP="-1" FF="0" LUT="13" fileDirectory="/home/ubuntu/Desktop/bfs_32/HBMGraph-proj/workspace/FinalBFS_32/vivado_rtl_kernel/FinalBFS_32_ex/imports/hls"><\/item>
<item  id="664" filename="../FinalBFS_32_cmodel.cpp" linenumber="276" name="zext_ln276" contextFuncName="FinalBFS_32" moduleName="FinalBFS_32" rtlName="zext_ln276_fu_2872_p1" latency="0" BRAM="-1" DSP="-1" FF="-1" LUT="-1" fileDirectory="/home/ubuntu/Desktop/bfs_32/HBMGraph-proj/workspace/FinalBFS_32/vivado_rtl_kernel/FinalBFS_32_ex/imports/hls"><\/item>
<item  id="675" filename="../FinalBFS_32_cmodel.cpp" linenumber="279" name="icmp_ln279" contextFuncName="FinalBFS_32" moduleName="FinalBFS_32" rtlName="icmp_ln279_fu_2877_p2" latency="0" BRAM="-1" DSP="-1" FF="0" LUT="13" fileDirectory="/home/ubuntu/Desktop/bfs_32/HBMGraph-proj/workspace/FinalBFS_32/vivado_rtl_kernel/FinalBFS_32_ex/imports/hls"><\/item>
<item  id="677" filename="../FinalBFS_32_cmodel.cpp" linenumber="279" name="i_8" contextFuncName="FinalBFS_32" moduleName="FinalBFS_32" rtlName="i_8_fu_2883_p2" latency="0" BRAM="-1" DSP="-1" FF="0" LUT="13" fileDirectory="/home/ubuntu/Desktop/bfs_32/HBMGraph-proj/workspace/FinalBFS_32/vivado_rtl_kernel/FinalBFS_32_ex/imports/hls"><\/item>
<item  id="680" filename="../FinalBFS_32_cmodel.cpp" linenumber="280" name="zext_ln280" contextFuncName="FinalBFS_32" moduleName="FinalBFS_32" rtlName="zext_ln280_fu_2889_p1" latency="0" BRAM="-1" DSP="-1" FF="-1" LUT="-1" fileDirectory="/home/ubuntu/Desktop/bfs_32/HBMGraph-proj/workspace/FinalBFS_32/vivado_rtl_kernel/FinalBFS_32_ex/imports/hls"><\/item>
<item  id="683" filename="../FinalBFS_32_cmodel.cpp" linenumber="280" name="add_ln280" contextFuncName="FinalBFS_32" moduleName="FinalBFS_32" rtlName="m08_axi_output_buffer_d0" latency="0" BRAM="-1" DSP="-1" FF="0" LUT="32" fileDirectory="/home/ubuntu/Desktop/bfs_32/HBMGraph-proj/workspace/FinalBFS_32/vivado_rtl_kernel/FinalBFS_32_ex/imports/hls"><\/item>
<item  id="692" filename="../FinalBFS_32_cmodel.cpp" linenumber="284" name="icmp_ln284" contextFuncName="FinalBFS_32" moduleName="FinalBFS_32" rtlName="icmp_ln284_fu_2901_p2" latency="0" BRAM="-1" DSP="-1" FF="0" LUT="13" fileDirectory="/home/ubuntu/Desktop/bfs_32/HBMGraph-proj/workspace/FinalBFS_32/vivado_rtl_kernel/FinalBFS_32_ex/imports/hls"><\/item>
<item  id="694" filename="../FinalBFS_32_cmodel.cpp" linenumber="284" name="add_ln284" contextFuncName="FinalBFS_32" moduleName="FinalBFS_32" rtlName="add_ln284_fu_2907_p2" latency="0" BRAM="-1" DSP="-1" FF="0" LUT="13" fileDirectory="/home/ubuntu/Desktop/bfs_32/HBMGraph-proj/workspace/FinalBFS_32/vivado_rtl_kernel/FinalBFS_32_ex/imports/hls"><\/item>
<item  id="700" filename="../FinalBFS_32_cmodel.cpp" linenumber="284" name="zext_ln284" contextFuncName="FinalBFS_32" moduleName="FinalBFS_32" rtlName="zext_ln284_fu_2913_p1" latency="0" BRAM="-1" DSP="-1" FF="-1" LUT="-1" fileDirectory="/home/ubuntu/Desktop/bfs_32/HBMGraph-proj/workspace/FinalBFS_32/vivado_rtl_kernel/FinalBFS_32_ex/imports/hls"><\/item>
<item  id="712" filename="../FinalBFS_32_cmodel.cpp" linenumber="297" name="icmp_ln297" contextFuncName="FinalBFS_32" moduleName="FinalBFS_32" rtlName="icmp_ln297_fu_2918_p2" latency="0" BRAM="-1" DSP="-1" FF="0" LUT="13" fileDirectory="/home/ubuntu/Desktop/bfs_32/HBMGraph-proj/workspace/FinalBFS_32/vivado_rtl_kernel/FinalBFS_32_ex/imports/hls"><\/item>
<item  id="714" filename="../FinalBFS_32_cmodel.cpp" linenumber="297" name="add_ln297" contextFuncName="FinalBFS_32" moduleName="FinalBFS_32" rtlName="add_ln297_fu_2924_p2" latency="0" BRAM="-1" DSP="-1" FF="0" LUT="13" fileDirectory="/home/ubuntu/Desktop/bfs_32/HBMGraph-proj/workspace/FinalBFS_32/vivado_rtl_kernel/FinalBFS_32_ex/imports/hls"><\/item>
<item  id="720" filename="../FinalBFS_32_cmodel.cpp" linenumber="297" name="zext_ln297" contextFuncName="FinalBFS_32" moduleName="FinalBFS_32" rtlName="zext_ln297_fu_2930_p1" latency="0" BRAM="-1" DSP="-1" FF="-1" LUT="-1" fileDirectory="/home/ubuntu/Desktop/bfs_32/HBMGraph-proj/workspace/FinalBFS_32/vivado_rtl_kernel/FinalBFS_32_ex/imports/hls"><\/item>
<item  id="731" filename="../FinalBFS_32_cmodel.cpp" linenumber="300" name="icmp_ln300" contextFuncName="FinalBFS_32" moduleName="FinalBFS_32" rtlName="icmp_ln300_fu_2935_p2" latency="0" BRAM="-1" DSP="-1" FF="0" LUT="13" fileDirectory="/home/ubuntu/Desktop/bfs_32/HBMGraph-proj/workspace/FinalBFS_32/vivado_rtl_kernel/FinalBFS_32_ex/imports/hls"><\/item>
<item  id="733" filename="../FinalBFS_32_cmodel.cpp" linenumber="300" name="i_9" contextFuncName="FinalBFS_32" moduleName="FinalBFS_32" rtlName="i_9_fu_2941_p2" latency="0" BRAM="-1" DSP="-1" FF="0" LUT="13" fileDirectory="/home/ubuntu/Desktop/bfs_32/HBMGraph-proj/workspace/FinalBFS_32/vivado_rtl_kernel/FinalBFS_32_ex/imports/hls"><\/item>
<item  id="736" filename="../FinalBFS_32_cmodel.cpp" linenumber="301" name="zext_ln301" contextFuncName="FinalBFS_32" moduleName="FinalBFS_32" rtlName="zext_ln301_fu_2947_p1" latency="0" BRAM="-1" DSP="-1" FF="-1" LUT="-1" fileDirectory="/home/ubuntu/Desktop/bfs_32/HBMGraph-proj/workspace/FinalBFS_32/vivado_rtl_kernel/FinalBFS_32_ex/imports/hls"><\/item>
<item  id="739" filename="../FinalBFS_32_cmodel.cpp" linenumber="301" name="add_ln301" contextFuncName="FinalBFS_32" moduleName="FinalBFS_32" rtlName="m09_axi_output_buffer_d0" latency="0" BRAM="-1" DSP="-1" FF="0" LUT="32" fileDirectory="/home/ubuntu/Desktop/bfs_32/HBMGraph-proj/workspace/FinalBFS_32/vivado_rtl_kernel/FinalBFS_32_ex/imports/hls"><\/item>
<item  id="748" filename="../FinalBFS_32_cmodel.cpp" linenumber="305" name="icmp_ln305" contextFuncName="FinalBFS_32" moduleName="FinalBFS_32" rtlName="icmp_ln305_fu_2959_p2" latency="0" BRAM="-1" DSP="-1" FF="0" LUT="13" fileDirectory="/home/ubuntu/Desktop/bfs_32/HBMGraph-proj/workspace/FinalBFS_32/vivado_rtl_kernel/FinalBFS_32_ex/imports/hls"><\/item>
<item  id="750" filename="../FinalBFS_32_cmodel.cpp" linenumber="305" name="add_ln305" contextFuncName="FinalBFS_32" moduleName="FinalBFS_32" rtlName="add_ln305_fu_2965_p2" latency="0" BRAM="-1" DSP="-1" FF="0" LUT="13" fileDirectory="/home/ubuntu/Desktop/bfs_32/HBMGraph-proj/workspace/FinalBFS_32/vivado_rtl_kernel/FinalBFS_32_ex/imports/hls"><\/item>
<item  id="756" filename="../FinalBFS_32_cmodel.cpp" linenumber="305" name="zext_ln305" contextFuncName="FinalBFS_32" moduleName="FinalBFS_32" rtlName="zext_ln305_fu_2971_p1" latency="0" BRAM="-1" DSP="-1" FF="-1" LUT="-1" fileDirectory="/home/ubuntu/Desktop/bfs_32/HBMGraph-proj/workspace/FinalBFS_32/vivado_rtl_kernel/FinalBFS_32_ex/imports/hls"><\/item>
<item  id="768" filename="../FinalBFS_32_cmodel.cpp" linenumber="318" name="icmp_ln318" contextFuncName="FinalBFS_32" moduleName="FinalBFS_32" rtlName="icmp_ln318_fu_2976_p2" latency="0" BRAM="-1" DSP="-1" FF="0" LUT="13" fileDirectory="/home/ubuntu/Desktop/bfs_32/HBMGraph-proj/workspace/FinalBFS_32/vivado_rtl_kernel/FinalBFS_32_ex/imports/hls"><\/item>
<item  id="770" filename="../FinalBFS_32_cmodel.cpp" linenumber="318" name="add_ln318" contextFuncName="FinalBFS_32" moduleName="FinalBFS_32" rtlName="add_ln318_fu_2982_p2" latency="0" BRAM="-1" DSP="-1" FF="0" LUT="13" fileDirectory="/home/ubuntu/Desktop/bfs_32/HBMGraph-proj/workspace/FinalBFS_32/vivado_rtl_kernel/FinalBFS_32_ex/imports/hls"><\/item>
<item  id="776" filename="../FinalBFS_32_cmodel.cpp" linenumber="318" name="zext_ln318" contextFuncName="FinalBFS_32" moduleName="FinalBFS_32" rtlName="zext_ln318_fu_2988_p1" latency="0" BRAM="-1" DSP="-1" FF="-1" LUT="-1" fileDirectory="/home/ubuntu/Desktop/bfs_32/HBMGraph-proj/workspace/FinalBFS_32/vivado_rtl_kernel/FinalBFS_32_ex/imports/hls"><\/item>
<item  id="787" filename="../FinalBFS_32_cmodel.cpp" linenumber="321" name="icmp_ln321" contextFuncName="FinalBFS_32" moduleName="FinalBFS_32" rtlName="icmp_ln321_fu_2993_p2" latency="0" BRAM="-1" DSP="-1" FF="0" LUT="13" fileDirectory="/home/ubuntu/Desktop/bfs_32/HBMGraph-proj/workspace/FinalBFS_32/vivado_rtl_kernel/FinalBFS_32_ex/imports/hls"><\/item>
<item  id="789" filename="../FinalBFS_32_cmodel.cpp" linenumber="321" name="i_10" contextFuncName="FinalBFS_32" moduleName="FinalBFS_32" rtlName="i_10_fu_2999_p2" latency="0" BRAM="-1" DSP="-1" FF="0" LUT="13" fileDirectory="/home/ubuntu/Desktop/bfs_32/HBMGraph-proj/workspace/FinalBFS_32/vivado_rtl_kernel/FinalBFS_32_ex/imports/hls"><\/item>
<item  id="792" filename="../FinalBFS_32_cmodel.cpp" linenumber="322" name="zext_ln322" contextFuncName="FinalBFS_32" moduleName="FinalBFS_32" rtlName="zext_ln322_fu_3005_p1" latency="0" BRAM="-1" DSP="-1" FF="-1" LUT="-1" fileDirectory="/home/ubuntu/Desktop/bfs_32/HBMGraph-proj/workspace/FinalBFS_32/vivado_rtl_kernel/FinalBFS_32_ex/imports/hls"><\/item>
<item  id="795" filename="../FinalBFS_32_cmodel.cpp" linenumber="322" name="add_ln322" contextFuncName="FinalBFS_32" moduleName="FinalBFS_32" rtlName="m10_axi_output_buffer_d0" latency="0" BRAM="-1" DSP="-1" FF="0" LUT="32" fileDirectory="/home/ubuntu/Desktop/bfs_32/HBMGraph-proj/workspace/FinalBFS_32/vivado_rtl_kernel/FinalBFS_32_ex/imports/hls"><\/item>
<item  id="804" filename="../FinalBFS_32_cmodel.cpp" linenumber="326" name="icmp_ln326" contextFuncName="FinalBFS_32" moduleName="FinalBFS_32" rtlName="icmp_ln326_fu_3017_p2" latency="0" BRAM="-1" DSP="-1" FF="0" LUT="13" fileDirectory="/home/ubuntu/Desktop/bfs_32/HBMGraph-proj/workspace/FinalBFS_32/vivado_rtl_kernel/FinalBFS_32_ex/imports/hls"><\/item>
<item  id="806" filename="../FinalBFS_32_cmodel.cpp" linenumber="326" name="add_ln326" contextFuncName="FinalBFS_32" moduleName="FinalBFS_32" rtlName="add_ln326_fu_3023_p2" latency="0" BRAM="-1" DSP="-1" FF="0" LUT="13" fileDirectory="/home/ubuntu/Desktop/bfs_32/HBMGraph-proj/workspace/FinalBFS_32/vivado_rtl_kernel/FinalBFS_32_ex/imports/hls"><\/item>
<item  id="812" filename="../FinalBFS_32_cmodel.cpp" linenumber="326" name="zext_ln326" contextFuncName="FinalBFS_32" moduleName="FinalBFS_32" rtlName="zext_ln326_fu_3029_p1" latency="0" BRAM="-1" DSP="-1" FF="-1" LUT="-1" fileDirectory="/home/ubuntu/Desktop/bfs_32/HBMGraph-proj/workspace/FinalBFS_32/vivado_rtl_kernel/FinalBFS_32_ex/imports/hls"><\/item>
<item  id="824" filename="../FinalBFS_32_cmodel.cpp" linenumber="339" name="icmp_ln339" contextFuncName="FinalBFS_32" moduleName="FinalBFS_32" rtlName="icmp_ln339_fu_3034_p2" latency="0" BRAM="-1" DSP="-1" FF="0" LUT="13" fileDirectory="/home/ubuntu/Desktop/bfs_32/HBMGraph-proj/workspace/FinalBFS_32/vivado_rtl_kernel/FinalBFS_32_ex/imports/hls"><\/item>
<item  id="826" filename="../FinalBFS_32_cmodel.cpp" linenumber="339" name="add_ln339" contextFuncName="FinalBFS_32" moduleName="FinalBFS_32" rtlName="add_ln339_fu_3040_p2" latency="0" BRAM="-1" DSP="-1" FF="0" LUT="13" fileDirectory="/home/ubuntu/Desktop/bfs_32/HBMGraph-proj/workspace/FinalBFS_32/vivado_rtl_kernel/FinalBFS_32_ex/imports/hls"><\/item>
<item  id="832" filename="../FinalBFS_32_cmodel.cpp" linenumber="339" name="zext_ln339" contextFuncName="FinalBFS_32" moduleName="FinalBFS_32" rtlName="zext_ln339_fu_3046_p1" latency="0" BRAM="-1" DSP="-1" FF="-1" LUT="-1" fileDirectory="/home/ubuntu/Desktop/bfs_32/HBMGraph-proj/workspace/FinalBFS_32/vivado_rtl_kernel/FinalBFS_32_ex/imports/hls"><\/item>
<item  id="843" filename="../FinalBFS_32_cmodel.cpp" linenumber="342" name="icmp_ln342" contextFuncName="FinalBFS_32" moduleName="FinalBFS_32" rtlName="icmp_ln342_fu_3051_p2" latency="0" BRAM="-1" DSP="-1" FF="0" LUT="13" fileDirectory="/home/ubuntu/Desktop/bfs_32/HBMGraph-proj/workspace/FinalBFS_32/vivado_rtl_kernel/FinalBFS_32_ex/imports/hls"><\/item>
<item  id="845" filename="../FinalBFS_32_cmodel.cpp" linenumber="342" name="i_11" contextFuncName="FinalBFS_32" moduleName="FinalBFS_32" rtlName="i_11_fu_3057_p2" latency="0" BRAM="-1" DSP="-1" FF="0" LUT="13" fileDirectory="/home/ubuntu/Desktop/bfs_32/HBMGraph-proj/workspace/FinalBFS_32/vivado_rtl_kernel/FinalBFS_32_ex/imports/hls"><\/item>
<item  id="848" filename="../FinalBFS_32_cmodel.cpp" linenumber="343" name="zext_ln343" contextFuncName="FinalBFS_32" moduleName="FinalBFS_32" rtlName="zext_ln343_fu_3063_p1" latency="0" BRAM="-1" DSP="-1" FF="-1" LUT="-1" fileDirectory="/home/ubuntu/Desktop/bfs_32/HBMGraph-proj/workspace/FinalBFS_32/vivado_rtl_kernel/FinalBFS_32_ex/imports/hls"><\/item>
<item  id="851" filename="../FinalBFS_32_cmodel.cpp" linenumber="343" name="add_ln343" contextFuncName="FinalBFS_32" moduleName="FinalBFS_32" rtlName="m11_axi_output_buffer_d0" latency="0" BRAM="-1" DSP="-1" FF="0" LUT="32" fileDirectory="/home/ubuntu/Desktop/bfs_32/HBMGraph-proj/workspace/FinalBFS_32/vivado_rtl_kernel/FinalBFS_32_ex/imports/hls"><\/item>
<item  id="860" filename="../FinalBFS_32_cmodel.cpp" linenumber="347" name="icmp_ln347" contextFuncName="FinalBFS_32" moduleName="FinalBFS_32" rtlName="icmp_ln347_fu_3075_p2" latency="0" BRAM="-1" DSP="-1" FF="0" LUT="13" fileDirectory="/home/ubuntu/Desktop/bfs_32/HBMGraph-proj/workspace/FinalBFS_32/vivado_rtl_kernel/FinalBFS_32_ex/imports/hls"><\/item>
<item  id="862" filename="../FinalBFS_32_cmodel.cpp" linenumber="347" name="add_ln347" contextFuncName="FinalBFS_32" moduleName="FinalBFS_32" rtlName="add_ln347_fu_3081_p2" latency="0" BRAM="-1" DSP="-1" FF="0" LUT="13" fileDirectory="/home/ubuntu/Desktop/bfs_32/HBMGraph-proj/workspace/FinalBFS_32/vivado_rtl_kernel/FinalBFS_32_ex/imports/hls"><\/item>
<item  id="868" filename="../FinalBFS_32_cmodel.cpp" linenumber="347" name="zext_ln347" contextFuncName="FinalBFS_32" moduleName="FinalBFS_32" rtlName="zext_ln347_fu_3087_p1" latency="0" BRAM="-1" DSP="-1" FF="-1" LUT="-1" fileDirectory="/home/ubuntu/Desktop/bfs_32/HBMGraph-proj/workspace/FinalBFS_32/vivado_rtl_kernel/FinalBFS_32_ex/imports/hls"><\/item>
<item  id="880" filename="../FinalBFS_32_cmodel.cpp" linenumber="360" name="icmp_ln360" contextFuncName="FinalBFS_32" moduleName="FinalBFS_32" rtlName="icmp_ln360_fu_3092_p2" latency="0" BRAM="-1" DSP="-1" FF="0" LUT="13" fileDirectory="/home/ubuntu/Desktop/bfs_32/HBMGraph-proj/workspace/FinalBFS_32/vivado_rtl_kernel/FinalBFS_32_ex/imports/hls"><\/item>
<item  id="882" filename="../FinalBFS_32_cmodel.cpp" linenumber="360" name="add_ln360" contextFuncName="FinalBFS_32" moduleName="FinalBFS_32" rtlName="add_ln360_fu_3098_p2" latency="0" BRAM="-1" DSP="-1" FF="0" LUT="13" fileDirectory="/home/ubuntu/Desktop/bfs_32/HBMGraph-proj/workspace/FinalBFS_32/vivado_rtl_kernel/FinalBFS_32_ex/imports/hls"><\/item>
<item  id="888" filename="../FinalBFS_32_cmodel.cpp" linenumber="360" name="zext_ln360" contextFuncName="FinalBFS_32" moduleName="FinalBFS_32" rtlName="zext_ln360_fu_3104_p1" latency="0" BRAM="-1" DSP="-1" FF="-1" LUT="-1" fileDirectory="/home/ubuntu/Desktop/bfs_32/HBMGraph-proj/workspace/FinalBFS_32/vivado_rtl_kernel/FinalBFS_32_ex/imports/hls"><\/item>
<item  id="899" filename="../FinalBFS_32_cmodel.cpp" linenumber="363" name="icmp_ln363" contextFuncName="FinalBFS_32" moduleName="FinalBFS_32" rtlName="icmp_ln363_fu_3109_p2" latency="0" BRAM="-1" DSP="-1" FF="0" LUT="13" fileDirectory="/home/ubuntu/Desktop/bfs_32/HBMGraph-proj/workspace/FinalBFS_32/vivado_rtl_kernel/FinalBFS_32_ex/imports/hls"><\/item>
<item  id="901" filename="../FinalBFS_32_cmodel.cpp" linenumber="363" name="i_12" contextFuncName="FinalBFS_32" moduleName="FinalBFS_32" rtlName="i_12_fu_3115_p2" latency="0" BRAM="-1" DSP="-1" FF="0" LUT="13" fileDirectory="/home/ubuntu/Desktop/bfs_32/HBMGraph-proj/workspace/FinalBFS_32/vivado_rtl_kernel/FinalBFS_32_ex/imports/hls"><\/item>
<item  id="904" filename="../FinalBFS_32_cmodel.cpp" linenumber="364" name="zext_ln364" contextFuncName="FinalBFS_32" moduleName="FinalBFS_32" rtlName="zext_ln364_fu_3121_p1" latency="0" BRAM="-1" DSP="-1" FF="-1" LUT="-1" fileDirectory="/home/ubuntu/Desktop/bfs_32/HBMGraph-proj/workspace/FinalBFS_32/vivado_rtl_kernel/FinalBFS_32_ex/imports/hls"><\/item>
<item  id="907" filename="../FinalBFS_32_cmodel.cpp" linenumber="364" name="add_ln364" contextFuncName="FinalBFS_32" moduleName="FinalBFS_32" rtlName="m12_axi_output_buffer_d0" latency="0" BRAM="-1" DSP="-1" FF="0" LUT="32" fileDirectory="/home/ubuntu/Desktop/bfs_32/HBMGraph-proj/workspace/FinalBFS_32/vivado_rtl_kernel/FinalBFS_32_ex/imports/hls"><\/item>
<item  id="916" filename="../FinalBFS_32_cmodel.cpp" linenumber="368" name="icmp_ln368" contextFuncName="FinalBFS_32" moduleName="FinalBFS_32" rtlName="icmp_ln368_fu_3133_p2" latency="0" BRAM="-1" DSP="-1" FF="0" LUT="13" fileDirectory="/home/ubuntu/Desktop/bfs_32/HBMGraph-proj/workspace/FinalBFS_32/vivado_rtl_kernel/FinalBFS_32_ex/imports/hls"><\/item>
<item  id="918" filename="../FinalBFS_32_cmodel.cpp" linenumber="368" name="add_ln368" contextFuncName="FinalBFS_32" moduleName="FinalBFS_32" rtlName="add_ln368_fu_3139_p2" latency="0" BRAM="-1" DSP="-1" FF="0" LUT="13" fileDirectory="/home/ubuntu/Desktop/bfs_32/HBMGraph-proj/workspace/FinalBFS_32/vivado_rtl_kernel/FinalBFS_32_ex/imports/hls"><\/item>
<item  id="924" filename="../FinalBFS_32_cmodel.cpp" linenumber="368" name="zext_ln368" contextFuncName="FinalBFS_32" moduleName="FinalBFS_32" rtlName="zext_ln368_fu_3145_p1" latency="0" BRAM="-1" DSP="-1" FF="-1" LUT="-1" fileDirectory="/home/ubuntu/Desktop/bfs_32/HBMGraph-proj/workspace/FinalBFS_32/vivado_rtl_kernel/FinalBFS_32_ex/imports/hls"><\/item>
<item  id="936" filename="../FinalBFS_32_cmodel.cpp" linenumber="381" name="icmp_ln381" contextFuncName="FinalBFS_32" moduleName="FinalBFS_32" rtlName="icmp_ln381_fu_3150_p2" latency="0" BRAM="-1" DSP="-1" FF="0" LUT="13" fileDirectory="/home/ubuntu/Desktop/bfs_32/HBMGraph-proj/workspace/FinalBFS_32/vivado_rtl_kernel/FinalBFS_32_ex/imports/hls"><\/item>
<item  id="938" filename="../FinalBFS_32_cmodel.cpp" linenumber="381" name="add_ln381" contextFuncName="FinalBFS_32" moduleName="FinalBFS_32" rtlName="add_ln381_fu_3156_p2" latency="0" BRAM="-1" DSP="-1" FF="0" LUT="13" fileDirectory="/home/ubuntu/Desktop/bfs_32/HBMGraph-proj/workspace/FinalBFS_32/vivado_rtl_kernel/FinalBFS_32_ex/imports/hls"><\/item>
<item  id="944" filename="../FinalBFS_32_cmodel.cpp" linenumber="381" name="zext_ln381" contextFuncName="FinalBFS_32" moduleName="FinalBFS_32" rtlName="zext_ln381_fu_3162_p1" latency="0" BRAM="-1" DSP="-1" FF="-1" LUT="-1" fileDirectory="/home/ubuntu/Desktop/bfs_32/HBMGraph-proj/workspace/FinalBFS_32/vivado_rtl_kernel/FinalBFS_32_ex/imports/hls"><\/item>
<item  id="955" filename="../FinalBFS_32_cmodel.cpp" linenumber="384" name="icmp_ln384" contextFuncName="FinalBFS_32" moduleName="FinalBFS_32" rtlName="icmp_ln384_fu_3167_p2" latency="0" BRAM="-1" DSP="-1" FF="0" LUT="13" fileDirectory="/home/ubuntu/Desktop/bfs_32/HBMGraph-proj/workspace/FinalBFS_32/vivado_rtl_kernel/FinalBFS_32_ex/imports/hls"><\/item>
<item  id="957" filename="../FinalBFS_32_cmodel.cpp" linenumber="384" name="i_13" contextFuncName="FinalBFS_32" moduleName="FinalBFS_32" rtlName="i_13_fu_3173_p2" latency="0" BRAM="-1" DSP="-1" FF="0" LUT="13" fileDirectory="/home/ubuntu/Desktop/bfs_32/HBMGraph-proj/workspace/FinalBFS_32/vivado_rtl_kernel/FinalBFS_32_ex/imports/hls"><\/item>
<item  id="960" filename="../FinalBFS_32_cmodel.cpp" linenumber="385" name="zext_ln385" contextFuncName="FinalBFS_32" moduleName="FinalBFS_32" rtlName="zext_ln385_fu_3179_p1" latency="0" BRAM="-1" DSP="-1" FF="-1" LUT="-1" fileDirectory="/home/ubuntu/Desktop/bfs_32/HBMGraph-proj/workspace/FinalBFS_32/vivado_rtl_kernel/FinalBFS_32_ex/imports/hls"><\/item>
<item  id="963" filename="../FinalBFS_32_cmodel.cpp" linenumber="385" name="add_ln385" contextFuncName="FinalBFS_32" moduleName="FinalBFS_32" rtlName="m13_axi_output_buffer_d0" latency="0" BRAM="-1" DSP="-1" FF="0" LUT="32" fileDirectory="/home/ubuntu/Desktop/bfs_32/HBMGraph-proj/workspace/FinalBFS_32/vivado_rtl_kernel/FinalBFS_32_ex/imports/hls"><\/item>
<item  id="972" filename="../FinalBFS_32_cmodel.cpp" linenumber="389" name="icmp_ln389" contextFuncName="FinalBFS_32" moduleName="FinalBFS_32" rtlName="icmp_ln389_fu_3191_p2" latency="0" BRAM="-1" DSP="-1" FF="0" LUT="13" fileDirectory="/home/ubuntu/Desktop/bfs_32/HBMGraph-proj/workspace/FinalBFS_32/vivado_rtl_kernel/FinalBFS_32_ex/imports/hls"><\/item>
<item  id="974" filename="../FinalBFS_32_cmodel.cpp" linenumber="389" name="add_ln389" contextFuncName="FinalBFS_32" moduleName="FinalBFS_32" rtlName="add_ln389_fu_3197_p2" latency="0" BRAM="-1" DSP="-1" FF="0" LUT="13" fileDirectory="/home/ubuntu/Desktop/bfs_32/HBMGraph-proj/workspace/FinalBFS_32/vivado_rtl_kernel/FinalBFS_32_ex/imports/hls"><\/item>
<item  id="980" filename="../FinalBFS_32_cmodel.cpp" linenumber="389" name="zext_ln389" contextFuncName="FinalBFS_32" moduleName="FinalBFS_32" rtlName="zext_ln389_fu_3203_p1" latency="0" BRAM="-1" DSP="-1" FF="-1" LUT="-1" fileDirectory="/home/ubuntu/Desktop/bfs_32/HBMGraph-proj/workspace/FinalBFS_32/vivado_rtl_kernel/FinalBFS_32_ex/imports/hls"><\/item>
<item  id="992" filename="../FinalBFS_32_cmodel.cpp" linenumber="402" name="icmp_ln402" contextFuncName="FinalBFS_32" moduleName="FinalBFS_32" rtlName="icmp_ln402_fu_3208_p2" latency="0" BRAM="-1" DSP="-1" FF="0" LUT="13" fileDirectory="/home/ubuntu/Desktop/bfs_32/HBMGraph-proj/workspace/FinalBFS_32/vivado_rtl_kernel/FinalBFS_32_ex/imports/hls"><\/item>
<item  id="994" filename="../FinalBFS_32_cmodel.cpp" linenumber="402" name="add_ln402" contextFuncName="FinalBFS_32" moduleName="FinalBFS_32" rtlName="add_ln402_fu_3214_p2" latency="0" BRAM="-1" DSP="-1" FF="0" LUT="13" fileDirectory="/home/ubuntu/Desktop/bfs_32/HBMGraph-proj/workspace/FinalBFS_32/vivado_rtl_kernel/FinalBFS_32_ex/imports/hls"><\/item>
<item  id="1000" filename="../FinalBFS_32_cmodel.cpp" linenumber="402" name="zext_ln402" contextFuncName="FinalBFS_32" moduleName="FinalBFS_32" rtlName="zext_ln402_fu_3220_p1" latency="0" BRAM="-1" DSP="-1" FF="-1" LUT="-1" fileDirectory="/home/ubuntu/Desktop/bfs_32/HBMGraph-proj/workspace/FinalBFS_32/vivado_rtl_kernel/FinalBFS_32_ex/imports/hls"><\/item>
<item  id="1011" filename="../FinalBFS_32_cmodel.cpp" linenumber="405" name="icmp_ln405" contextFuncName="FinalBFS_32" moduleName="FinalBFS_32" rtlName="icmp_ln405_fu_3225_p2" latency="0" BRAM="-1" DSP="-1" FF="0" LUT="13" fileDirectory="/home/ubuntu/Desktop/bfs_32/HBMGraph-proj/workspace/FinalBFS_32/vivado_rtl_kernel/FinalBFS_32_ex/imports/hls"><\/item>
<item  id="1013" filename="../FinalBFS_32_cmodel.cpp" linenumber="405" name="i_14" contextFuncName="FinalBFS_32" moduleName="FinalBFS_32" rtlName="i_14_fu_3231_p2" latency="0" BRAM="-1" DSP="-1" FF="0" LUT="13" fileDirectory="/home/ubuntu/Desktop/bfs_32/HBMGraph-proj/workspace/FinalBFS_32/vivado_rtl_kernel/FinalBFS_32_ex/imports/hls"><\/item>
<item  id="1016" filename="../FinalBFS_32_cmodel.cpp" linenumber="406" name="zext_ln406" contextFuncName="FinalBFS_32" moduleName="FinalBFS_32" rtlName="zext_ln406_fu_3237_p1" latency="0" BRAM="-1" DSP="-1" FF="-1" LUT="-1" fileDirectory="/home/ubuntu/Desktop/bfs_32/HBMGraph-proj/workspace/FinalBFS_32/vivado_rtl_kernel/FinalBFS_32_ex/imports/hls"><\/item>
<item  id="1019" filename="../FinalBFS_32_cmodel.cpp" linenumber="406" name="add_ln406" contextFuncName="FinalBFS_32" moduleName="FinalBFS_32" rtlName="m14_axi_output_buffer_d0" latency="0" BRAM="-1" DSP="-1" FF="0" LUT="32" fileDirectory="/home/ubuntu/Desktop/bfs_32/HBMGraph-proj/workspace/FinalBFS_32/vivado_rtl_kernel/FinalBFS_32_ex/imports/hls"><\/item>
<item  id="1028" filename="../FinalBFS_32_cmodel.cpp" linenumber="410" name="icmp_ln410" contextFuncName="FinalBFS_32" moduleName="FinalBFS_32" rtlName="icmp_ln410_fu_3249_p2" latency="0" BRAM="-1" DSP="-1" FF="0" LUT="13" fileDirectory="/home/ubuntu/Desktop/bfs_32/HBMGraph-proj/workspace/FinalBFS_32/vivado_rtl_kernel/FinalBFS_32_ex/imports/hls"><\/item>
<item  id="1030" filename="../FinalBFS_32_cmodel.cpp" linenumber="410" name="add_ln410" contextFuncName="FinalBFS_32" moduleName="FinalBFS_32" rtlName="add_ln410_fu_3255_p2" latency="0" BRAM="-1" DSP="-1" FF="0" LUT="13" fileDirectory="/home/ubuntu/Desktop/bfs_32/HBMGraph-proj/workspace/FinalBFS_32/vivado_rtl_kernel/FinalBFS_32_ex/imports/hls"><\/item>
<item  id="1036" filename="../FinalBFS_32_cmodel.cpp" linenumber="410" name="zext_ln410" contextFuncName="FinalBFS_32" moduleName="FinalBFS_32" rtlName="zext_ln410_fu_3261_p1" latency="0" BRAM="-1" DSP="-1" FF="-1" LUT="-1" fileDirectory="/home/ubuntu/Desktop/bfs_32/HBMGraph-proj/workspace/FinalBFS_32/vivado_rtl_kernel/FinalBFS_32_ex/imports/hls"><\/item>
<item  id="1048" filename="../FinalBFS_32_cmodel.cpp" linenumber="423" name="icmp_ln423" contextFuncName="FinalBFS_32" moduleName="FinalBFS_32" rtlName="icmp_ln423_fu_3266_p2" latency="0" BRAM="-1" DSP="-1" FF="0" LUT="13" fileDirectory="/home/ubuntu/Desktop/bfs_32/HBMGraph-proj/workspace/FinalBFS_32/vivado_rtl_kernel/FinalBFS_32_ex/imports/hls"><\/item>
<item  id="1050" filename="../FinalBFS_32_cmodel.cpp" linenumber="423" name="add_ln423" contextFuncName="FinalBFS_32" moduleName="FinalBFS_32" rtlName="add_ln423_fu_3272_p2" latency="0" BRAM="-1" DSP="-1" FF="0" LUT="13" fileDirectory="/home/ubuntu/Desktop/bfs_32/HBMGraph-proj/workspace/FinalBFS_32/vivado_rtl_kernel/FinalBFS_32_ex/imports/hls"><\/item>
<item  id="1056" filename="../FinalBFS_32_cmodel.cpp" linenumber="423" name="zext_ln423" contextFuncName="FinalBFS_32" moduleName="FinalBFS_32" rtlName="zext_ln423_fu_3278_p1" latency="0" BRAM="-1" DSP="-1" FF="-1" LUT="-1" fileDirectory="/home/ubuntu/Desktop/bfs_32/HBMGraph-proj/workspace/FinalBFS_32/vivado_rtl_kernel/FinalBFS_32_ex/imports/hls"><\/item>
<item  id="1067" filename="../FinalBFS_32_cmodel.cpp" linenumber="426" name="icmp_ln426" contextFuncName="FinalBFS_32" moduleName="FinalBFS_32" rtlName="icmp_ln426_fu_3283_p2" latency="0" BRAM="-1" DSP="-1" FF="0" LUT="13" fileDirectory="/home/ubuntu/Desktop/bfs_32/HBMGraph-proj/workspace/FinalBFS_32/vivado_rtl_kernel/FinalBFS_32_ex/imports/hls"><\/item>
<item  id="1069" filename="../FinalBFS_32_cmodel.cpp" linenumber="426" name="i_15" contextFuncName="FinalBFS_32" moduleName="FinalBFS_32" rtlName="i_15_fu_3289_p2" latency="0" BRAM="-1" DSP="-1" FF="0" LUT="13" fileDirectory="/home/ubuntu/Desktop/bfs_32/HBMGraph-proj/workspace/FinalBFS_32/vivado_rtl_kernel/FinalBFS_32_ex/imports/hls"><\/item>
<item  id="1072" filename="../FinalBFS_32_cmodel.cpp" linenumber="427" name="zext_ln427" contextFuncName="FinalBFS_32" moduleName="FinalBFS_32" rtlName="zext_ln427_fu_3295_p1" latency="0" BRAM="-1" DSP="-1" FF="-1" LUT="-1" fileDirectory="/home/ubuntu/Desktop/bfs_32/HBMGraph-proj/workspace/FinalBFS_32/vivado_rtl_kernel/FinalBFS_32_ex/imports/hls"><\/item>
<item  id="1075" filename="../FinalBFS_32_cmodel.cpp" linenumber="427" name="add_ln427" contextFuncName="FinalBFS_32" moduleName="FinalBFS_32" rtlName="m15_axi_output_buffer_d0" latency="0" BRAM="-1" DSP="-1" FF="0" LUT="32" fileDirectory="/home/ubuntu/Desktop/bfs_32/HBMGraph-proj/workspace/FinalBFS_32/vivado_rtl_kernel/FinalBFS_32_ex/imports/hls"><\/item>
<item  id="1084" filename="../FinalBFS_32_cmodel.cpp" linenumber="431" name="icmp_ln431" contextFuncName="FinalBFS_32" moduleName="FinalBFS_32" rtlName="icmp_ln431_fu_3307_p2" latency="0" BRAM="-1" DSP="-1" FF="0" LUT="13" fileDirectory="/home/ubuntu/Desktop/bfs_32/HBMGraph-proj/workspace/FinalBFS_32/vivado_rtl_kernel/FinalBFS_32_ex/imports/hls"><\/item>
<item  id="1086" filename="../FinalBFS_32_cmodel.cpp" linenumber="431" name="add_ln431" contextFuncName="FinalBFS_32" moduleName="FinalBFS_32" rtlName="add_ln431_fu_3313_p2" latency="0" BRAM="-1" DSP="-1" FF="0" LUT="13" fileDirectory="/home/ubuntu/Desktop/bfs_32/HBMGraph-proj/workspace/FinalBFS_32/vivado_rtl_kernel/FinalBFS_32_ex/imports/hls"><\/item>
<item  id="1092" filename="../FinalBFS_32_cmodel.cpp" linenumber="431" name="zext_ln431" contextFuncName="FinalBFS_32" moduleName="FinalBFS_32" rtlName="zext_ln431_fu_3319_p1" latency="0" BRAM="-1" DSP="-1" FF="-1" LUT="-1" fileDirectory="/home/ubuntu/Desktop/bfs_32/HBMGraph-proj/workspace/FinalBFS_32/vivado_rtl_kernel/FinalBFS_32_ex/imports/hls"><\/item>
</annotationInfo>
